start,duration
1096997,11350
2819965,16888
4110352,12002
6246236,16750
6805294,30697
8147718,11929
10819207,16376
12260808,12061
12786096,16851
13282645,11182
13965998,16508
14148788,16867
16015005,11635
16080573,11222
17547392,16373
17739716,16660
20023237,11826
21121126,11438
21934495,16869
22805306,109871
22971813,16874
24035662,11757
24103225,11187
26779432,16477
26805308,11662
26821367,16382
28110851,11581
28264982,11015
30820169,16423
32018356,11696
32149596,16587
32626805,16256
32841604,16068
33386035,11526
34392798,11077
34820785,16448
36034904,11510
36101961,16718
36133789,11419
37383282,11047
37681397,16403
37877964,16507
39963477,11501
40030524,11050
40547240,16444
41906918,11129
42821400,16869
43030689,16536
44039182,11448
44096259,11015
46819986,16399
48016310,11389
48036294,11018
50053263,16320
50197047,16290
52093075,11461
52286214,16380
52319251,11327
52776886,16114
54820070,16212
56977113,11337
57811601,16197
59088026,11340
59387295,15966
60570505,11390
62805276,13796
63021470,15937
64823343,16230
65090046,16085
73199166,17775
77144233,11254
77939041,16009
78830020,16109
80001440,11107
81733974,15775
82077610,16274
82931737,16779
86819168,15932
87091831,11108
89202591,15969
92489347,15857
94820361,15587
98115418,15727
98827158,15844
102634673,15420
102819478,15900
104804932,15894
106818862,15660
108028690,11172
108246055,16131
108401805,15857
108666637,15677
114318022,16076
121389300,16096
123972164,11019
124853727,16203
126819634,15950
130818976,15649
131812569,16276
132502259,16203
134819075,15345
138373017,15946
138819868,15704
142818792,15752
146819320,15715
148872507,15882
150818603,15395
151166734,15800
152406247,11111
152516301,16204
161137432,16087
165389833,11048
165535916,15724
166821080,15551
168546504,11041
169550696,15870
178629858,15894
178820860,15776
198444774,16269
200002284,11039
202823563,16436
204004004,11093
205527270,16179
206327434,16207
206824862,16358
207991852,12975
210821688,16250
212024861,11013
212435260,16378
214821064,16537
218822619,16191
222824926,16434
224015351,11215
225197790,16303
225467657,16192
225730404,16323
228035664,11196
230821072,16294
232898309,16122
234820984,16220
238805295,13186
238820045,16196
240148324,15621
242821561,16056
246819367,16326
248041975,11222
249302936,15969
249607473,16228
249862952,11109
250819829,15958
253129395,16242
254819625,16272
256360161,15823
256638518,15817
257683476,11137
258819452,15668
260174443,11149
262820460,16214
264041355,11219
266805276,35489
270819665,16055
273152598,15983
274818918,16073
278819232,16155
282820342,15955
286819875,16207
288993282,16140
290820827,15808
293377771,15761
294820120,15673
298818675,15679
299158093,15899
302818400,15479
304896614,16250
306820666,15449
308184954,15941
308909658,15816
313283990,16062
314820632,15857
316007020,11118
318820274,15675
320022520,11161
322819034,15865
324030369,11171
326819578,15821
330818567,15475
332955153,11243
333409360,15711
334820093,15935
335991720,11104
338819447,15953
340544585,11228
342819972,15422
346821000,15756
348001279,11120
350819643,15916
353651681,16220
354820109,15858
356009964,11227
358819351,15755
359556558,16084
360015112,11225
361286625,16244
362819978,15696
366818474,15848
370818092,15654
373598823,15770
379416951,16254
379683202,15923
380015079,11207
382819035,15679
386820164,15529
390818112,15820
391542592,16042
393905276,15968
396270649,15711
396487112,15762
398821162,15820
402818849,15729
406761521,15902
406819295,15506
407928843,11188
410820603,15579
413820221,16039
418819228,15880
419890974,16091
428194838,15862
428339856,16045
430817975,15936
433949247,16052
437255220,15869
438817758,15910
439162317,15777
450818909,15962
454182857,15731
459980606,15906
466818744,15745
469772888,15782
470591076,16011
472024776,11194
474169582,16192
474818534,16295
478820690,15978
480111157,16155
482819711,15408
482886514,15996
484014890,11224
485515590,15925
490820364,15747
494435290,15769
498972799,16003
500478129,16047
506819673,15892
510819246,15831
514422225,15771
514819054,16106
516030029,11189
518185530,16147
520485539,15966
520866543,11053
522817829,15404
524699317,15837
530776804,15869
534637753,15819
540494230,15947
545143430,15888
554766229,15973
558817871,15807
560625693,16169
562817877,15966
564126231,15739
566818491,16218
568348508,15758
568738068,16154
568762777,11234
568800722,16058
571454624,11183
572393448,15719
572793216,15782
574076576,11181
574800602,18496
574825018,15892
575525707,16228
578805268,36828
579979188,11003
580755741,15969
582819619,16170
584021707,11061
586818058,15854
589527560,15902
589710911,16017
594819616,16008
594941671,15936
596015448,11234
598819325,15847
600898688,15778
602821459,16098
602870947,11006
604250527,15929
605389699,16179
605414592,11157
605718589,15817
610821793,16186
614822135,16240
618819963,16238
621026574,16125
624002525,16238
635134390,15693
641153983,15738
642819438,15700
642844075,16068
644067238,11002
646820632,15920
646900799,16034
650818315,16005
655264628,15870
661010232,16062
661282738,15959
663507030,15948
664663487,15741
666819789,15874
674817950,15738
675395382,15999
678818951,15779
681411075,16015
689401146,15934
689461987,15806
690938412,11220
693916246,15733
695500754,16006
695982831,11124
697385635,15888
701151596,16010
701247966,11002
701539700,16232
702832419,16112
706805270,35819
710821704,15641
712177225,11114
713618339,15682
713677175,16005
715988187,11230
717061849,15722
718652986,15706
718836107,15771
720045350,11101
721665796,16152
722819598,15908
723961902,11223
724219704,15963
726820358,16016
730820493,16210
730845415,16056
732224799,16010
734820440,16236
735697742,16149
736028842,11253
738820010,16050
741793496,15740
742818346,16025
743984359,11005
746819926,16061
750819614,15884
754819040,16069
756028783,11250
758819435,16310
760012347,11161
761520044,15990
761948147,15792
762817985,16090
766818304,16096
774818822,15742
774875854,15818
775569641,11238
778819519,15814
780178002,15848
782040869,15941
789584010,15988
789771246,16072
792318184,16085
794819075,15817
799160347,16242
802170133,15816
805076014,15984
806820329,16096
807104342,16119
810819720,16057
814960479,16217
822296526,15801
836240476,15652
842424862,15864
844330604,15899
856371253,15834
859703723,15830
862553885,15947
870818519,15784
874818717,15974
876502051,15917
882679782,16146
896600062,15911
896704956,15985
898363777,16125
899133753,11215
902808808,15896
907781660,15979
916743579,15827
922818276,15747
922965815,15833
924453440,15739
930819359,15939
936873691,16002
941373161,16037
943092982,15961
950714086,15934
954643361,15871
956186828,15735
956976875,15795
958372653,15940
960053455,15754
960355473,15887
961761432,16208
962397986,15803
962538238,15987
964878140,15899
965216901,16111
966038280,11212
966342255,16127
967718396,11222
970903303,15921
972055664,16273
972193599,11065
972236515,16019
973426973,11252
973790903,16004
975449731,16003
978818146,15580
982595817,15563
983369912,15785
984290927,11001
984891488,15790
986818471,15643
989994748,15699
990875616,16124
992572924,15933
994818314,15578
997169036,16287
997765411,11214
998672344,15945
999200462,15907
1001192162,16103
1001650281,11274
1001834060,16126
1002289817,11310
1002819197,16048
1004600869,11182
1007256234,16033
1007368190,11187
1007411011,15861
1008570099,11236
1009753801,15946
1010499942,16006
1012621714,16067
1014821075,15466
1014919701,15926
1017022359,15818
1017103808,15643
1017304124,20597
1018245047,11139
1018820431,16019
1022821595,16055
1026797024,15934
1026822337,15565
1028667169,16017
1030817468,15646
1030841878,15744
1032126160,11179
1033865777,16085
1034818803,15955
1036714297,11153
1037438769,15917
1038821654,15678
1041749663,16108
1042821762,15661
1044695681,15966
1046602849,16189
1046821486,15861
1048059115,11197
1049967450,16116
1050822289,15938
1053017819,11079
1053532698,15688
1054819542,15815
1056389404,11134
1056634143,16016
1061863938,15859
1062067188,16384
1064965139,11159
1065306560,15623
1068801724,11208
1070821279,15763
1073274700,11145
1073862084,16376
1076046652,11170
1077627257,16075
1080001559,11065
1082819391,15818
1084319049,11109
1086480006,15755
1086647099,15863
1089706147,15783
1090818077,15784
1092001511,11092
1092753090,15831
1094820882,15690
1096013420,11215
1096234570,15737
1096613346,16013
1101604316,16055
1101840510,15829
1104029505,11037
1106818825,15427
1109861260,15563
1110066538,16013
1112453215,15777
1114281240,15837
1117260566,11183
1117815358,16376
1120035666,11332
1122819440,16131
1125246856,11134
1126819109,15918
1128025660,11112
1129027133,16053
1132414760,15750
1134820250,15749
1137153874,11090
1137931612,16003
1138805299,18839
1140968779,16014
1142821865,15550
1145214738,11256
1145975731,16013
1154856348,11132
1166489027,11120
1166820112,15576
1173161995,11262
1174820957,16040
1176372419,11133
1176833813,16228
1178019183,11217
1178132881,15883
1183984834,11156
1184327123,15790
1186818512,15581
1188022232,11217
1190818675,15815
1193837304,11152
1194819750,15624
1196902344,11115
1198123485,16142
1199976863,11288
1202818502,15675
1204457174,15966
1205689035,11004
1206818661,15670
1210818948,15792
1212028525,11180
1214591202,15800
1217194259,15904
1219670521,11246
1222817799,15564
1224586794,16111
1238476908,15914
1242820268,15547
1244713788,16077
1246108402,16199
1248008543,11003
1248895211,15888
1250819211,15475
1252557587,16295
1258605030,15873
1259923785,11235
1260402257,16245
1261646455,11191
1264701002,15808
1265682957,11192
1266708089,15692
1271075861,15753
1273028881,32396
1274819044,16051
1278345186,15702
1278369661,15756
1294805295,11211
1346104975,11030
1346820171,16134
1350820579,16385
1350845754,16215
1352015499,11074
1354821603,16159
1355998705,11213
1356244397,16316
1357559149,11169
1358308807,16201
1360437319,11093
1360520239,16111
1362819965,16004
1365462725,15935
1366239396,11176
1366329405,15970
1379995024,11166
1382822594,16122
1383998821,11205
1385597519,15803
1386495464,15742
1386820509,15975
1390820358,15884
1393248806,15792
1394819089,15748
1395571294,16118
1395948789,11043
1398553961,16349
1398820661,15567
1402761080,15734
1402818809,15523
1404492743,15991
1404813515,15822
1406819017,15535
1408002399,11156
1410819629,15764
1412006374,11123
1412772279,16248
1414821400,15819
1416040128,11258
1418821231,15863
1418969732,16152
1421281356,16056
1425654852,16251
1426379872,11245
1428520866,15886
1430392338,11136
1435172964,16133
1437818700,16235
1439363846,16092
1440075076,16399
1440599920,11148
1441594171,15691
1442805278,36280
1442898367,11248
1444752437,15835
1445597384,16261
1446824097,11086
1449273203,15961
1451396917,15831
1452812745,16261
1452930356,16448
1454045253,11252
1456418251,15951
1459498004,15962
1459850460,16323
1460937604,11256
1463391181,15944
1464885905,15800
1466932680,15949
1467289710,11189
1467613757,16135
1468146394,11235
1470498928,15792
1471206767,16104
1471968466,11196
1472123330,16198
1473329632,11033
1474380990,16134
1474805280,41394
1475628267,11199
1477978040,15984
1478820191,15957
1479208477,11185
1479839111,16404
1480008949,11258
1481591379,16081
1482821856,15967
1485125025,15987
1487356847,11089
1489059824,16163
1490287640,11207
1490820092,16117
1492830561,15837
1496391503,16001
1498819786,15840
1499873861,16146
1501114088,11089
1502325193,16059
1502820288,15861
1503615631,11254
1503709751,15930
1504656714,11195
1505092594,16234
1506827669,16106
1507490572,11136
1507510453,16050
1508111638,11217
1510819290,16137
1511014351,15978
1512008361,11221
1513070202,15996
1514652855,16096
1514818668,15888
1516046050,11205
1517505962,15957
1518430096,16102
1519656737,11129
1519887349,16276
1520007453,11262
1522164154,16050
1522820249,15924
1523411176,11150
1525222159,16232
1525753879,16323
1526728219,11230
1526819977,15807
1526968497,11198
1529354170,16054
1530819777,15950
1532298277,16056
1532889052,16085
1533621511,11218
1534819543,15878
1536470265,16023
1538818983,15788
1539937300,15829
1541158363,11066
1542819625,15706
1543263339,16117
1544447019,16131
1544822007,11114
1545578539,16082
1547686767,11121
1551188123,16281
1552007119,11213
1552345445,16076
1552414729,11129
1554818462,15660
1554899748,16067
1556036769,11219
1558486180,15921
1560253124,16142
1562077589,16047
1564698220,16245
1565576627,16109
1567816703,11202
1569114427,15904
1571978155,11085
1573411115,15838
1574821029,16001
1575961706,11091
1577167608,16211
1578819187,16011
1580009341,11173
1580174977,16019
1580875009,15968
1582819615,15970
1584829273,16238
1585560058,16290
1586057460,11165
1586820939,15865
1587983943,11075
1588637265,15967
1589427187,16138
1589865258,11148
1590819402,15798
1591997363,11130
1592444883,16024
1594288960,16170
1595348031,11249
1595519084,16093
1597580115,11083
1598820868,15848
1600009154,11217
1600283434,15987
1600514470,16065
1601560932,11100
1602820506,15964
1604678243,11229
1605692831,16246
1606820640,15836
1608026902,11026
1608134087,15969
1609211901,11138
1610820860,16050
1612022476,11124
1613009511,16117
1613114064,11203
1613407627,16150
1614651875,11147
1614820979,15914
1617116345,11113
1618819608,16276
1620025509,11271
1620644822,16361
1621005977,11235
1623370426,15906
1625770686,15977
1625882191,15768
1629534646,15999
1630734267,15882
1631968502,11231
1634394860,15973
1634820194,15919
1635655157,11122
1638049383,15842
1640542469,15990
1641490785,16074
1641773501,11135
1645008318,15770
1645861975,15923
1647149060,11210
1648733529,16194
1652065413,15849
1655523270,16169
1658944533,16099
1660674600,16191
1662402179,16142
1664392234,11235
1666040466,16239
1666218389,16140
1667441597,11277
1669878319,16043
1673275697,15809
1676122557,16102
1676779066,16079
1677357718,11085
1678137961,16220
1679005611,15993
1680486544,11172
1680646751,16327
1681866480,11123
1685240775,15965
1685634940,11164
1686258960,16330
1687973594,11081
1688371546,16112
1688726640,15890
1691435756,11009
1691647761,16218
1691962702,11138
1693734790,16002
1694802779,15119
1694824240,15910
1695021562,11175
1696321283,15973
1696429812,15629
1697626701,11236
1698819239,15657
1700128492,16175
1700891313,16120
1701375328,11128
1701992061,16204
1702125439,11140
1702260349,15898
1702392995,11221
1703892001,15938
1706250191,15941
1707407940,16307
1708224098,16075
1708405480,11089
1710528936,16252
1710988728,16133
1712226291,11142
1713744608,15937
1715834599,16100
1715884793,11122
1717275482,16212
1718261970,16114
1718519783,11156
1718819983,15775
1719454892,11124
1720004354,16015
1720035204,11155
1720125120,15726
1721144388,11221
1722199716,15926
1722458851,11223
1722819001,16210
1723385534,11211
1725773391,16053
1726383883,16126
1726999574,11212
1729357511,15990
1730819847,15953
1732905733,15858
1734794984,18462
1736369713,16013
1738820120,15896
1741914449,16137
1742284388,11205
1742848595,15962
1743233448,11107
1743458728,16141
1744688717,11127
1746602573,16041
1747747071,11192
1749026554,16025
1750819553,15699
1751441593,16135
1755994242,11161
1756948141,16005
1758722339,16092
1760005719,11169
1762450387,15955
1762626762,11020
1762820419,15945
1763965351,11199
1766156635,16219
1766640719,16329
1768013009,11247
1769286515,16042
1770818532,15907
1771129581,11197
1773395298,15843
1774819219,15702
1776040015,11197
1778405132,15977
1778607379,15897
1780007384,11186
1780904298,15924
1781516417,16073
1782138874,11253
1782820650,16148
1784544026,16069
1786771703,15973
1786823829,16014
1788003592,11229
1790043642,16007
1790543300,16167
1791989741,11207
1792143573,16147
1792271307,11179
1793973448,16035
1794820672,15780
1796024586,11167
1798760886,16292
1798820531,15628
1800051856,11157
1801399400,16002
1802818751,16119
1802876921,11236
1805835896,15986
1806766051,16123
1809443326,11149
1810819891,16038
1811988383,11058
1814090706,16099
1816007661,11263
1817962769,16213
1821442295,15949
1824999420,15944
1826997222,16313
1828470744,15928
1830004583,11229
1830819921,15949
1832482084,16214
1834818721,15776
1835959476,16079
1836008748,11072
1838818641,15739
1838944750,16334
1840695870,11177
1841619520,15952
1842819296,15940
1846577295,15967
1850008307,15977
1853380731,16274
1855342578,16005
1856848396,15987
1858820746,15946
1860335185,16151
1861749699,15938
1863819950,15940
1867168978,16013
1867214118,16043
1868421719,11179
1870772269,15869
1871781820,16418
1876652227,16015
1877956196,15935
1881384198,16020
1882157082,16172
1882615676,11203
1884986549,16187
1886820126,16092
1888251845,16125
1889970468,11252
1892505616,15900
1893732264,11092
1896299539,15912
1897774659,11142
1900118923,16060
1902290784,15834
1903195004,11144
1903700270,15917
1905781612,11067
1907488478,16259
1908725610,11080
1914821023,16171
1916255914,16010
1919752347,11011
1922092066,15948
1925520341,15923
1925707856,15970
1928318969,11171
1930818570,15611
1932781628,16054
1933096981,15968
1935270178,11248
1936329248,16071
1937557136,16032
1937679964,11138
1941490775,15857
1941799898,11114
1947552775,15971
1950440071,16046
1952567409,16065
1952659197,16159
1954723553,11159
1954805277,51882
1955789712,11194
1956313954,16039
1956640967,16017
1957784526,11174
1958819288,16015
1960011089,11141
1962317047,16238
1965349534,16183
1966820195,16064
1968024402,11238
1968315853,16343
1969341740,11084
1970820835,15529
1976203409,16279
1978818491,16205
1982448630,15945
1982805288,39833
1983688251,11240
1984984628,16332
1986820740,15451
2012005559,11174
2014819500,15597
2016009490,11097
2016582373,16381
2017018345,16165
2018327611,13081
2018819713,16033
2019994668,11326
2022819582,15992
2023982453,11114
2026819311,16232
2031902942,15983
2032536936,15794
2033447809,16112
2034818566,15945
2043038435,15804
2046819482,15759
2047027410,16413
2048016022,11237
2048107126,16126
2048245218,15802
2049603073,15875
2050358379,15941
2050464862,15955
2051994960,11223
2053991446,15785
2058819871,15913
2060891820,16010
2063226614,15765
2064076369,15796
2064152524,11140
2065374886,16267
2072420298,11101
2075214002,16312
2078818028,15739
2080874358,11195
2082746411,16145
2084068210,11219
2086735380,16108
2086908962,16223
2088059377,11153
2088307328,16096
2089050294,16340
2090299751,15898
2091717660,15618
2092935711,11203
2094517386,15997
2095903458,16236
2096293035,16216
2097524706,11202
2099189946,15660
2102818124,15954
2106819331,15871
2108566604,16023
2114818050,15656
2119618340,15632
2123258738,16156
2124005488,11275
2128563385,16005
2128662093,11206
2132252779,15759
2132534866,15979
2133475786,11134
2139328893,16105
2139616373,16202
2140788959,11004
2141281829,15789
2143388509,15776
2146818402,15369
2146872707,15783
2148090600,11161
2148760363,15864
2153748169,15992
2154818672,15852
2158820080,15700
2162721650,15923
2162846619,16067
2164050418,11179
2166820847,15654
2168817893,15925
2168903300,16242
2170820621,15642
2174819269,15504
2177402415,15675
2178805266,52327
2178932862,16124
2182820153,15727
2186820100,15714
2189008175,15865
2190821782,15872
2191471730,16138
2192692419,11022
2194703127,15799
2195126970,15926
2195934513,11139
2199065096,15887
2199288994,15967
2200307811,16102
2202818902,16214
2208769088,15850
2209172022,15707
2210251720,11056
2210642125,15937
2210805301,60155
2212178164,11201
2212239303,15736
2212351576,16210
2214818929,15806
2217453962,16039
2223742919,15995
2226885066,16236
2227367650,15832
2230820112,15828
2234819971,16076
2238819031,16203
2243639624,15791
2244350388,16153
2245487455,11196
2245780134,15779
2249283020,15794
2249389584,16283
2250818020,16027
2250927228,11216
2254821146,16181
2258819701,15681
2259837715,16264
2260015612,11225
2262819596,16194
2264160423,15988
2266819314,16016
2269502362,15804
2270805302,13217
2270820029,15943
2273740564,15748
2274071937,16379
2275076677,11101
2276032998,16100
2276555803,11220
2284288190,15971
2289539607,15998
2290833651,15888
2294887224,15974
2302827105,15885
2304417478,15577
2306728810,15628
2306820893,15918
2308404669,15874
2308557740,15965
2311403854,15868
2314820334,16164
2319990258,15639
2320281238,15757
2324055546,16023
2324518607,15977
2326032523,15717
2326365094,15768
2327710816,11134
2329798025,15899
2330396125,16095
2332698104,11232
2334821502,16124
2335220401,16113
2336579737,11164
2338819861,15722
2340760999,15690
2340785335,15982
2342819804,15398
2344219928,15893
2344498217,16096
2346755620,15790
2349880251,15886
2349973612,16011
2354819649,15731
2358819394,15479
2362819355,15808
2364777659,15975
2366821539,27565
2368445418,15950
2370338470,15815
2371974497,11219
2374818682,15823
2377682580,15752
2378819177,16009
2379383527,11207
2382820178,15990
2384013913,11109
2384617023,15988
2386805307,30342
2388015957,11157
2389377886,15665
2390152403,16252
2395070373,15684
2402819507,15766
2405035527,15650
2405291611,16233
2406542553,15832
2406656688,16040
2408004406,11189
2409066608,15530
2409926826,16032
2414819850,15824
2416352810,16166
2417578769,15902
2418819986,16095
2422819571,15995
2424010883,11203
2425207830,15881
2426087061,16352
2428561507,15909
2430027916,15901
2430309440,15934
2434560513,11123
2434819871,15454
2436526061,11166
2438269452,16002
2441023177,15731
2444377882,15900
2448629411,16112
2453380589,11227
2454820226,15870
2455495813,11237
2456536914,15972
2461929984,15875
2463069378,16135
2464013236,11210
2464573978,16121
2466259261,11218
2466833691,15989
2468024696,11229
2468867351,16001
2470379091,16092
2474820573,15840
2475449046,16234
2476019319,11242
2477972671,15930
2478820144,15790
2479976419,11072
2482820328,15906
2483995391,11100
2485160851,15760
2485908318,16004
2490719039,15647
2490818620,15851
2491965703,11047
2494819921,15972
2495255335,15988
2496654586,15956
2498820631,15704
2499996390,11157
2502818720,15680
2505613423,15802
2506820463,15816
2510819454,15857
2512029057,11226
2514819126,15852
2516299104,15813
2517837417,16007
2518805380,13694
2518819326,15735
2520508489,11171
2522819431,15746
2524552165,15848
2524763335,15968
2525940857,11217
2526179181,16122
2527511360,11224
2530818221,15510
2530842739,15887
2534818494,15654
2538820749,15887
2542819102,15605
2544002400,16123
2544029234,11155
2544158594,16027
2545494961,16017
2546818097,15799
2550820267,15747
2551167386,16111
2558881291,16016
2562805264,26398
2562833786,15948
2565936929,15733
2566631473,16103
2569193850,11203
2570177764,15647
2570414482,16051
2574819996,15736
2577810740,15877
2578819446,15648
2582819504,15866
2586065664,15944
2590819705,15754
2591377838,15847
2592552528,16011
2592722302,16003
2594258480,16023
2598818164,15839
2602820143,15774
2606195359,15794
2606818835,15824
2607991978,11158
2609356081,16045
2610820503,15756
2611989738,11006
2614818973,15622
2616640294,16222
2618887216,15979
2622819646,16152
2626325079,15766
2626821246,16275
2630818765,15948
2634818150,16010
2642818975,15577
2646047449,15937
2646452949,16109
2647347356,11172
2648198461,15912
2648456151,16045
2649504121,11249
2650818386,15952
2654818909,15981
2658805270,32337
2658891552,16257
2660173278,16016
2662796330,13847
2664131787,15836
2666246549,15813
2666519220,16014
2668988778,15886
2669196668,15935
2671972051,11020
2674818711,15801
2683709075,15943
2685107519,15762
2685296501,15789
2690346717,15643
2690489579,16019
2690805299,23279
2694818027,15691
2696786601,15938
2706466382,15720
2706888660,15744
2707964989,11188
2709595092,15752
2710818518,15499
2711837064,16109
2715324610,16000
2715560415,16026
2716656183,11151
2716896371,15792
2717086578,16039
2718482123,15945
2722037018,15761
2722299332,16007
2724008204,11122
2724651637,16185
2726886131,15936
2728651949,16059
2730820065,15761
2732663868,16085
2732825952,11169
2736667568,16004
2745323130,15913
2745661056,15820
2746719057,16143
2747168742,16237
2752045024,16139
2754836024,16084
2762819280,16184
2767082660,15816
2770819588,15515
2772330683,16122
2776677469,16143
2777702706,16054
2780961298,16113
2781124636,15820
2782109877,11097
2782818109,16154
2783403858,16052
2784769469,16132
2784914939,16125
2785989650,11203
2786820119,16073
2790723706,16115
2790829321,15485
2791870410,11130
2792299011,15966
2794884078,15944
2795738917,16007
2802638779,16032
2806819933,16105
2807286453,15914
2809546518,15735
2810818682,15985
2811215307,11170
2812429083,15973
2814818069,15800
2814980112,16005
2816014517,11212
2816519963,16104
2817596260,11197
2818825462,15544
2822819345,16000
2827168907,15985
2830818678,15946
2832556024,15737
2838820113,15798
2839470598,15816
2845801447,15913
2847289232,15882
2847508674,15839
2850820040,15800
2852838606,15851
2867425683,15829
2872808565,15991
2874858837,15911
2882835297,15801
2887694343,16002
2888705616,15981
2888777331,11136
2890112105,15770
2890256908,16034
2891831635,11172
2892271322,15989
2892938414,16136
2897559207,16005
2897812559,15828
2898861336,11192
2898881916,16098
2899056417,11189
2905727337,15893
2907681084,15797
2913068556,15986
2916899704,16212
2927947385,15961
2929081320,15760
2930820106,15790
2933197405,15947
2936650751,15861
2938261297,16002
2938480805,15814
2939633369,11170
2941622938,16133
2944618728,15906
2944912063,15981
2945930788,11186
2946819752,15995
2946844397,15893
2948078949,11128
2950818264,15807
2953325382,15810
2954588825,16224
2954836136,15457
2962357631,15860
2963173228,16096
2963518305,11092
2965359370,15748
2966304068,15768
2968431882,11130
2968681948,15978
2970818283,15800
2972765196,15802
2973454584,15986
2974817880,15716
2978348344,15921
2979213002,16017
2982818893,15917
2988090362,16015
2990805264,33713
2993585737,16162
2994897578,15837
3000890099,16260
3001038795,16235
3002523127,15951
3002714009,16107
3003985029,11259
3004263144,16148
3006821023,15915
3008347149,15774
3009552623,15947
3009679467,15962
3010818781,15602
3013715314,15812
3014817839,16041
3016178596,11119
3016834485,15831
3018819488,16242
3019200849,15879
3020017026,11187
3022818253,15445
3023014904,15856
3024012114,11132
3026880137,15916
3028347361,15966
3029344638,15876
3029575257,11135
3030818575,16030
3031005055,15763
3032473770,15782
3032664741,16001
3034819652,16000
3042820483,15971
3043864733,15881
3048602423,15765
3050601958,16146
3051344146,16282
3053209651,15750
3060920551,15781
3062043983,15775
3062223795,16151
3062726408,16338
3063670492,15748
3063861430,16077
3064953177,11197
3065537053,15678
3065567102,15944
3071992585,11134
3072863079,15907
3074186385,16275
3074557597,11121
3078718713,16022
3078822625,15798
3080735081,11211
3082820583,15986
3086819681,16243
3088852751,15981
3089991052,15753
3090809367,15382
3090833775,16042
3093456759,15641
3094313772,16101
3095540702,11256
3096281028,15963
3098818834,16226
3106805264,12869
3106818307,15851
3108983829,15793
3110820525,16076
3114351022,15931
3115557609,16023
3115587488,11149
3115802495,16033
3116011183,11178
3116213296,16123
3117139148,16048
3117280620,16046
3118581821,11244
3119778373,15493
3128981350,16123
3132727229,15647
3133024811,15815
3134480400,16255
3138836457,15753
3147028073,15928
3148492362,15959
3148682090,15968
3150818321,15972
3150842961,15967
3154042416,15819
3154651521,16079
3158819803,15927
3162820972,15817
3163317565,15752
3166820952,15907
3169266464,15936
3170821884,16718
3174307884,16176
3174779646,16048
3182309053,15969
3184714598,15720
3186196119,16082
3187349371,11231
3189323333,16018
3190819466,15977
3194815248,15939
3194933388,16177
3196144601,11203
3202822429,15910
3209518629,15930
3214693043,15967
3216003530,15781
3216237278,11210
3217583509,15915
3217728195,15906
3220151176,15758
3223448974,15890
3223713477,16102
3226818078,15368
3227211525,16003
3231966002,11202
3234820214,15834
3236023177,11222
3238031503,16044
3238819349,16061
3239980261,11167
3242820224,16058
3246823686,16210
3248223756,11186
3248627251,15789
3249417687,16109
3249875451,11236
3250818476,16130
3251989248,11163
3252318306,16240
3252580888,15811
3254818965,15978
3256014121,11220
3258820182,16121
3262818619,15915
3266839890,15784
3269847618,15993
3270805282,12707
3274819287,15971
3275178820,16030
3278819983,15775
3284949812,15615
3285326034,16039
3286293009,11095
3289975498,15789
3294650527,15649
3298818536,15820
3299211978,16144
3300070825,11160
3301339913,15891
3302819958,15798
3302878394,15698
3303995829,11044
3305516566,15979
3305704963,15699
3306314337,15848
3308350027,11116
3308990094,15994
3309233080,16170
3310458893,11221
3310813568,15929
3310921801,11163
3311752095,15966
3313088041,15647
3314778489,15905
3314821414,15675
3322818995,15634
3326819898,15535
3330041786,15846
3330819847,15824
3335508977,15996
3339607103,16074
3340865177,15767
3340967712,15719
3340992164,15812
3344898457,15696
3345141537,16051
3348350701,11091
3348530314,15777
3348560156,11091
3348755158,15956
3349898532,11322
3350819282,15591
3353802109,16023
3354360250,16151
3359976393,11189
3360984617,15959
3362820468,15627
3364050424,11170
3366196185,16002
3366819859,15815
3369191450,15975
3370293603,16121
3370819045,15679
3373636100,15895
3374820899,15837
3376505916,11237
3376950587,15798
3377167686,15846
3378819071,15655
3380014843,11232
3380441664,15758
3381502541,15775
3382487202,15861
3386278741,15903
3386621686,15768
3388389668,16038
3389740510,11019
3390409279,15989
3390819770,15776
3394819017,15950
3397196996,11235
3398290678,16079
3398429576,15832
3399646511,11189
3400378758,15553
3400414337,15829
3401620909,11214
3401892475,15743
3402628817,16020
3402819275,15694
3404716540,15935
3404791369,15956
3405961853,11123
3406805284,28618
3407465125,16333
3408757207,11218
3410240656,15989
3410634504,15717
3411936368,11227
3414820396,15570
3416001687,16231
3416403477,15877
3417230617,11232
3417910223,15881
3417996673,15797
3418192882,15965
3422819716,15744
3426548989,15992
3426818202,15852
3427847612,11218
3428707806,15953
3428820110,15937
3439988914,11239
3440166762,15901
3442818523,15539
3443965318,11172
3444480542,15976
3447965238,15829
3449846486,15907
3451231738,15758
3455922726,15693
3455947135,15895
3457230094,11229
3458820038,16001
3470737815,15741
3471356113,16113
3472108166,11162
3474818609,15934
3474843195,16131
3476025741,11231
3476212520,15928
3478819854,15848
3480532998,11238
3480864774,15960
3482818626,15707
3485502639,15999
3485715309,15915
3486819264,15630
3487977735,11062
3490805264,47609
3494820056,15812
3496458744,15849
3496504741,11320
3498819109,15812
3502821136,15484
3503693627,15908
3504840914,15980
3506818665,15612
3510819512,15649
3514818294,15687
3514842816,15757
3516468603,15937
3518818315,15906
3519867340,15797
3520014348,11036
3520034021,16048
3521422957,15772
3522286548,11234
3522820456,15832
3527765682,16015
3527988291,15871
3530819976,15960
3536599696,15976
3544843209,16012
3545111709,15824
3546065714,11160
3551248231,16009
3554820071,15601
3554885878,16002
3556730504,16138
3558819375,15784
3562834192,15969
3566355899,16168
3566566431,15985
3567789573,16038
3567907582,16078
3568000676,11032
3568060317,16110
3570820564,15886
3571277106,15867
3573188372,11097
3574826061,16174
3575087999,11242
3576858142,16004
3578820832,16180
3582821583,16230
3586409364,15808
3586826929,15668
3588740393,15949
3590821299,16297
3594820142,16238
3596984180,16126
3597096472,15767
3598821443,16000
3602325828,15803
3602821930,16181
3603203520,11193
3604274982,15955
3606820832,15575
3610387221,15923
3610820191,15345
3612252672,11252
3612568777,15764
3612744821,16051
3613776310,11207
3614818931,16029
3617114034,15949
3617224304,16008
3618682512,15808
3618826777,15757
3620017093,11156
3622820218,15784
3630826467,15802
3634818925,15798
3637353666,15767
3638817908,15948
3649409141,16104
3649618674,16034
3650618550,11226
3650805276,13904
3650826157,16042
3652310156,11211
3655133501,15751
3657481617,15987
3664467764,15769
3664722974,15800
3665607900,11101
3666819114,15960
3671771372,15864
3677612851,15813
3682826915,15793
3686688127,15963
3686819179,15455
3687896719,11227
3688095597,16184
3690717747,16067
3690827213,15445
3694818497,16114
3697167035,16149
3697742146,15786
3698801543,15829
3698823443,15987
3702520857,15865
3712004990,15731
3714805274,34461
3714844975,15818
3716405565,15999
3717769518,15682
3717885927,16111
3719452402,15965
3721258420,15993
3721448439,15776
3722819565,15796
3731347259,15755
3734819399,15380
3736538111,15955
3737828874,15764
3747540965,15963
3749164836,15687
3752233492,15956
3758129252,15792
3762833547,15952
3766818324,16010
3772402565,15886
3778259807,15795
3779935487,15981
3781017805,16157
3785123435,15969
3785456899,15800
3786889597,15910
3790818269,15978
3791151307,15691
3792014815,11004
3794818538,16246
3796862413,15749
3798817888,16059
3799613038,11111
3802818538,15412
3807952270,15741
3810726960,15954
3812323572,15961
3812563833,15947
3814819876,15533
3815292567,16068
3818516288,15789
3819233802,16192
3822265842,15714
3822682251,15656
3822833978,15680
3826820312,15460
3830820022,15755
3832782768,16185
3834818445,15845
3838645385,15956
3838822256,15780
3840696568,11157
3840970180,15944
3841122981,15824
3842166739,11229
3842818943,15676
3842915549,15973
3846819148,15600
3848011560,11166
3850818683,15770
3852908016,15814
3854819601,15676
3858775241,15936
3858819454,15630
3862819662,15584
3864015875,11122
3866818488,15407
3866842925,15579
3869187539,15912
3869414421,16220
3870818830,15763
3873037524,15743
3874805678,32896
3877358230,15939
3878913817,15796
3881224049,15755
3882819529,15709
3893030971,15964
3893253954,16064
3894032940,11230
3894818814,15789
3897528711,15891
3898308388,16057
3900204028,15776
3906805292,30092
3913292291,16030
3917215358,15738
3918850603,15778
3919170989,15923
3922820136,16006
3925947054,16009
3931350691,16001
3933420955,15839
3937773714,15665
3938805286,15288
3939022200,15966
3941752337,16019
3953550113,15775
3956509976,16089
3958014246,16043
3958168332,15833
3959988142,11247
3966398163,15904
3970819458,15997
3973679736,16004
3979276953,15990
3986862434,15695
3990404799,15938
3993660711,15788
3996435887,15877
3996653258,15924
3997647058,11237
3997710449,15870
3997812163,11162
3998100150,15954
3998805283,19274
3999404944,15769
4002820293,15728
4003079299,16156
4004082543,11074
4006598560,16167
4006838326,15859
4008158154,15939
4008577424,16226
4010821058,16111
4013938392,16219
4014818501,15789
4015165579,11202
4018226731,15922
4018820679,16024
4022749827,15752
4022819405,15567
4026821503,16158
4029575936,15765
4029793386,15787
4032335808,11200
4032722773,15788
4032811288,15805
4033071070,15849
4034309845,11236
4038819264,16083
4042820408,15844
4050742044,16004
4051470784,16106
4051900487,11190
4054192030,16013
4055629517,16091
4055964849,11038
4058478749,15657
4059737551,15827
4060023453,11061
4062080772,15878
4062164681,15779
4065717192,15895
4065752797,15968
4068861768,11152
4074092838,15879
4076557559,15763
4078604786,16020
4078818232,15555
4081687615,15977
4086735040,16143
4087447670,16072
4088000747,11095
4091957740,15948
4092100040,15650
4094410523,16139
4097984617,16011
4098325851,16070
4102819803,16320
4106820508,16248
4110820501,16112
4114524425,16219
4114819133,15812
4118819938,16185
4119774774,16104
4121397309,11188
4121728951,15762
4124042142,11190
4126818037,16135
4128016563,11236
4130819783,15816
4133694462,15984
4133959327,15979
4136494193,15751
4136974696,15671
4137324520,11209
4138820276,15979
4140045290,11175
4140282664,15983
4142892936,16192
4147052694,15912
4147484098,15786
4152664059,15752
4153181122,16067
4155721277,15819
4156015282,11113
4156083256,15814
4157400886,11118
4158818777,15602
4160411638,15955
4162820210,15659
4165829895,15701
4166819233,15609
4170819586,15756
4173010056,15995
4174820266,15436
4178819073,15680
4180022895,11220
4182819109,15732
4184007793,11165
4184836001,15957
4186820586,15403
4186845002,20564
4190818629,15811
4192906360,11120
4194746523,15646
4194819232,15759
4196915789,15911
4197128754,15846
4198126679,11144
4198337641,15889
4198451514,16272
4200623411,15990
4201718051,15940
4202819463,15495
4209088960,15789
4210819493,15738
4214914628,15799
4215171621,15978
4216139610,11141
4217549128,16002
4218820039,16174
4219127341,11239
4219955517,16098
4220016371,11138
4220104230,16059
4222335037,11217
4224444938,16053
4226818894,15962
4228414783,15671
4228842640,15790
4231781794,15981
4232001920,11231
4234819258,15841
4238818467,15981
4240736949,16038
4242820643,15901
4246818262,15959
4249626803,15962
4249781146,15986
4252925453,16053
4254027914,16065
4254115349,11195
4254818513,15944
4255263794,16208
4256345106,16019
4258818526,15949
4261002592,15766
4262820175,16134
4266601475,16245
4266818394,15771
4270820236,15941
4271990434,15696
4272021453,11147
4272225082,21746
4274819950,15814
4276016700,11005
4278819840,15775
4281127987,15793
4282764944,16220
4282819435,15780
4284000647,11176
4286819795,15733
4290819642,15968
4295545232,15783
4298254607,15933
4298819710,16076
4301253410,15964
4302874159,15767
4306819427,15729
4307585414,16106
4307979830,11008
4308538470,15997
4309358366,15740
4309697405,15984
4310585943,11197
4314819021,15969
4315183334,15968
4315245941,11174
4315674941,16242
4316392132,11201
4318819772,15605
4321381770,16089
4323281480,11238
4330820052,15986
4333697566,15979
4334819950,15940
4335533418,15999
4335815665,16109
4336015458,11007
4338820443,16011
4341195376,16122
4341220145,16288
4342820147,16225
4344773276,15704
4345017468,16085
4350819947,15786
4353082333,15709
4354819194,16080
4356070531,11195
4356603430,15971
4358445155,15512
4358760153,15778
4361585390,15690
4362820561,15839
4363979345,11218
4366819490,15872
4370820220,16169
4374819978,15858
4376068722,15986
4378820156,16006
4379912094,11110
4381561837,15683
4382818791,15670
4383986851,11190
4386028131,15929
4386246700,15801
4390818107,15397
4392247601,15769
4394797513,18988
4394822751,15708
4396523409,15980
4397379769,11234
4398819492,15827
4400998108,15928
4401102388,11101
4401837942,16080
4402227824,11182
4402340353,16083
4402805248,14014
4404024834,11131
4406821621,16025
4407984590,11284
4408493848,16272
4410826235,16066
4415454190,15745
4415722864,16402
4416021937,11173
4418513024,16209
4421004657,15805
4421827399,15898
4425698788,16120
4426574771,16072
4428499386,11252
4428780081,15802
4430820892,15892
4432025477,11247
4434819796,16091
4436077644,11115
4438819919,15890
4440134156,15795
4442047025,16070
4445422352,15847
4456441267,15980
4456922648,15747
4457278295,11238
4459527968,15995
4462176009,15979
4472289411,15976
4475204827,15763
4482306136,15996
4485775800,16071
4486162171,15990
4490818713,15412
4494817846,16239
4496311050,16003
4498624793,15962
4500468029,15631
4502332249,15888
4504419122,15791
4506996666,16026
4510818166,15835
4514805261,12877
4514821645,15884
4516790984,16247
4521343659,16240
4522460993,16011
4524165557,15899
4536902986,16284
4540357025,15768
4542685550,16019
4544540629,15876
4556551636,15932
4557013958,16233
4557863262,11016
4562815255,15744
4566818989,15789
4571047753,15803
4571295012,15774
4574820937,15899
4576012472,11122
4577120256,16200
4578199872,15771
4578805260,28978
4579981855,11186
4582819839,15837
4582950324,15906
4587884880,15951
4594820236,16168
4595337485,15903
4597233181,15933
4598824646,16010
4602818168,16153
4603081351,15844
4604822856,15886
4606818806,15836
4610820438,15975
4614818993,15757
4616179726,15817
4618820108,15913
4620227721,15874
4621280713,11189
4622817843,15918
4622842431,16057
4626818980,16004
4630818750,15994
4634820335,16094
4636430000,15675
4638820009,16018
4642805289,32848
4643094090,16109
4644072345,11238
4646817983,15701
4652759906,15914
4657202495,15734
4663424775,15894
4666023040,15766
4666105255,15739
4666360026,15815
4668821367,15816
4670111365,15665
4674872997,15911
4677741088,15874
4677980493,11181
4683558316,15965
4691143225,15811
4691306701,16056
4692557293,11175
4694817993,16199
4697869745,16015
4699004452,15754
4699988018,15781
4701206338,15784
4703428550,15694
4703687580,16000
4704696872,11141
4706555532,15683
4706779833,15988
4706805284,18477
4707949524,11311
4717578886,16284
4721563605,16004
4721764578,15748
4723600829,16142
4738128639,16001
4743889867,15819
4749786712,15911
4757493080,15754
4757809735,15764
4763855173,15950
4764018284,15951
4765979699,16052
4777937757,15749
4778820755,15861
4779685107,15798
4779938749,15985
4782076212,15797
4784147112,15766
4791608641,15945
4795501300,15920
4796311009,16174
4796660167,11199
4798362849,15980
4798822354,16118
4804276138,15783
4809951386,15999
4810825791,15661
4814820321,15998
4815434971,16081
4816725667,15861
4818632708,15741
4822330749,16015
4824243089,15805
4830749132,15750
4835186569,15905
4835409648,15765
4836398396,11181
4838517507,15958
4838761869,15780
4839990565,11095
4844488704,15965
4846819612,16000
4858439094,16047
4863170144,15758
4864497588,15770
4866397514,15699
4866819203,16049
4867604177,11230
4870820028,15655
4879017160,15983
4884696032,15891
4895551245,15975
4898332089,15937
4898584197,16028
4904840800,15802
4919270457,15725
4922959576,15954
4924289481,15754
4924878891,15965
4926819038,16005
4936070238,15839
4938896789,16192
4939399126,15773
4941885569,15842
4944083604,15720
4945009805,15936
4956640428,15894
4958818211,15942
4959137106,11104
4959527741,15799
4962799701,18606
4962833504,15466
4965178751,15739
4966818389,15802
4979654777,15939
4985304419,15910
4995774096,15741
4997874278,15925
4999546902,15990
5003416151,15718
5005140763,15821
5006805270,39921
5008032915,15777
5009214685,11080
5009735947,15809
5013352871,11156
5014820351,16519
5017138682,15515
5018411845,11016
5018819511,15955
5020716429,16272
5022135904,16015
5022820859,15937
5024495474,11261
5025473643,16144
5026820743,15968
5030818722,16236
5034819610,15989
5038821192,16097
5040017834,11229
5040060669,16183
5041203929,15954
5042818879,16249
5043623070,16355
5045606060,16108
5046819242,15944
5046849261,11123
5050819426,15990
5050902134,16001
5052013706,11201
5052440814,16395
5054819847,15752
5054876868,16251
5058121550,16108
5058820365,15969
5062820567,15933
5063752057,15854
5065735209,15864
5065874141,15971
5068922602,11245
5072945323,16206
5080286064,15911
5083971148,16233
5085864738,16256
5090820239,15890
5093303963,15872
5098818441,16237
5104007422,15673
5105995882,16147
5112135629,15937
5119745390,15742
5120099750,15691
5120515506,16044
5122819428,15804
5126107059,15871
5126819292,16185
5127340636,11053
5130669819,15885
5133363817,15792
5133629634,16272
5138819262,16100
5139874415,15981
5140644299,15768
5146259769,16113
5150819775,15650
5154819766,15640
5154884940,15798
5156893308,15920
5158382908,15989
5158818625,15783
5160771756,15990
5162820077,15787
5165436693,15988
5166379282,15779
5170832154,15817
5174820032,15707
5180900765,15943
5186532148,16084
5186805283,36360
5191807296,15975
5192062004,16019
5192946117,11152
5200253829,15760
5203093582,15679
5204382137,15991
5205385903,15806
5210818473,16010
5212309424,15997
5214819953,15766
5216024685,11169
5218821111,15903
5220021235,11248
5220381640,15929
5221153031,15733
5222827698,15752
5226779152,15934
5228549345,15910
5229173637,16058
5231968658,11148
5234819176,16018
5238821914,15761
5241286392,15982
5242820682,15930
5244837851,16031
5246818458,15663
5246908484,15970
5248015713,11168
5250141063,15959
5250330986,16034
5251624536,16081
5251715816,11172
5258819795,16200
5261415964,16267
5262827199,16183
5266820774,16037
5267036590,15789
5268016173,11133
5270820083,16083
5273608379,15665
5274805303,22367
5274842694,16041
5281544492,16036
5282809345,15866
5285084457,16195
5287116257,15742
5300128563,15904
5301673505,15748
5302821267,15965
5305214812,16232
5307257272,15969
5308767254,15795
5309584202,15961
5310661702,16053
5314872923,15739
5321802031,15792
5323607893,15866
5327391580,15989
5339904640,15676
5341931311,15718
5344330388,15978
5345472095,16155
5345588766,15767
5350818268,15946
5354819060,15855
5358210947,16019
5358817812,15788
5359980556,11208
5362057699,15928
5362819800,16285
5365602132,16217
5366819883,15869
5367615768,16136
5367977694,11109
5369124923,16132
5370818686,16192
5372015481,11269
5374819701,15988
5378819830,15750
5381306219,15987
5382818496,16087
5386819668,15783
5390819249,16084
5391454459,16128
5392602672,11222
5393264352,15763
5393413318,15802
5394819733,15883
5397184934,15955
5398820660,16002
5401125840,15943
5402819147,15999
5403453431,15789
5404611508,11145
5405852852,15870
5406819174,15705
5410661442,15898
5410805289,65279
5412075105,11178
5412452989,15938
5414818353,15767
5416743110,15948
5418819168,15916
5421649821,16179
5422819067,15933
5423991481,16050
5424021521,11101
5426794856,21241
5426822177,15493
5428300628,11210
5429013185,16919
5429114750,11246
5429574021,15906
5434818418,16106
5436022896,11188
5436493087,16036
5441388816,15941
5442805268,50926
5446110005,15978
5448022720,15932
5461955132,16010
5468152075,15802
5470805328,12056
5470820474,15514
5473840292,15962
5474818466,15634
5475935646,11132
5482767864,15939
5486365470,16195
5488281339,16109
5489694070,15769
5489949139,16111
5490833382,11137
5500472503,15907
5502820988,15911
5506805229,38402
5508420630,15970
5522819697,15935
5524292480,16086
5526620942,16007
5528549072,15997
5539105491,15794
5539326019,16029
5540320515,11154
5542930752,15986
5544933656,15804
5545188787,15989
5546071534,11139
5546750419,15923
5548678695,15750
5550818406,15963
5557118311,15750
5559127633,15815
5562819514,15748
5564850330,15983
5568603993,15816
5572321997,15865
5572791544,15993
5575536467,11206
5578818309,15999
5582818615,16035
5583406413,16117
5583774622,11235
5588933284,15797
5591456865,15782
5598818430,15809
5600656563,15799
5602819750,15989
5602878313,16155
5604983672,16183
5606818035,16150
5607652703,16012
5607990733,11159
5609063722,16148
5610818105,15755
5612113598,15719
5613732553,15878
5613977346,11257
5614820182,15927
5615009088,11222
5623664439,15738
5625500608,15760
5626148705,15754
5634820338,15707
5634900129,16027
5638820035,16012
5642820521,16004
5643796786,16136
5647237125,15988
5649317500,16125
5650818294,16071
5654818162,15813
5657482653,15853
5658820758,15864
5662673928,15956
5662822037,15739
5663927178,15838
5664017554,11157
5666820637,16040
5668611366,11234
5669138474,16173
5669446139,15893
5670821038,16236
5678997269,16188
5684056141,15982
5688527179,15961
5689573619,15769
5691422640,15908
5691665020,15789
5692825564,11016
5694004037,16120
5700837477,16017
5702820148,16178
5704721546,15759
5709623641,15795
5720849864,16220
5720961356,16033
5721989333,11131
5722823832,15955
5723354529,16119
5725552312,15772
5726837013,15510
5729473011,15770
5730805282,33741
5737115703,15760
5743482271,15734
5744394544,16007
5749881001,15794
5757846315,16011
5759757387,15921
5764523516,15996
5767759413,15990
5770010919,15940
5774331989,15875
5780845584,15986
5781100709,15952
5783687830,16211
5784651172,15781
5785690099,15788
5790139281,15978
5791350016,15876
5791722385,15751
5794819874,15534
5797032765,15664
5797256024,15815
5798495858,11217
5798860972,16020
5801019819,15862
5802821119,15846
5803818097,16192
5804025767,11147
5806819976,15963
5808227996,16210
5809887553,15779
5813030246,15783
5814819200,15695
5815575575,16058
5818818438,15816
5822819465,16146
5823947668,15815
5824386478,15815
5825161183,15971
5826818793,15863
5830315290,15792
5834822964,16025
5838818311,15768
5842819537,16011
5844987378,15778
5846820107,16168
5848316055,15997
5848514790,15808
5849472747,15901
5849652469,11138
5850440124,15742
5850819530,15799
5854818477,16040
5858805298,34609
5862818306,15985
5865116994,15759
5865666559,15970
5866819317,16081
5868553240,15802
5870565187,15791
5870834555,16086
5871485481,11337
5885248247,15798
5890693882,15973
5890820351,15891
5891920012,11212
5894896736,15996
5897868439,15882
5897996001,15825
5899594768,11133
5901202701,15799
5902555212,15679
5904404975,15742
5905376495,15778
5905636111,11156
5908806133,15604
5910151050,15893
5910819222,15436
5924626662,15774
5925506653,16263
5925760073,11124
5926818182,15748
5930910501,15985
5934884489,15773
5938819038,16180
5942018759,15793
5945636349,15785
5946661546,15803
5950722770,15768
5951039084,15810
5957992400,16009
5962854293,15900
5965273510,15950
5965765509,15972
5966466246,11203
5970851034,15730
5984987652,16001
5985893521,15881
5988489789,15657
5988725820,16102
5990631350,11222
5990820053,15848
5992018736,11191
5994473310,16177
6001385099,15904
6002820576,16134
6006819417,15776
6007227248,15960
6007257309,11108
6010411624,15737
6011058361,15799
6013330007,16146
6014782781,15770
6014805289,18644
6017921047,15881
6018817971,15491
6019979903,11152
6022819940,15988
6025112295,15771
6026819282,16089
6027132194,11189
6031187858,15756
6045653298,15964
6047059208,15792
6049918104,16043
6051316120,15799
6059829732,15817
6060542323,16182
6063232304,15750
6064416029,16098
6065802218,15738
6066064849,15981
6069719966,15715
6069820509,11153
6070818940,15612
6072008443,11263
6074819200,16024
6078399520,15848
6086431608,15934
6091721223,16151
6105572648,15843
6108372567,15891
6110674204,16007
6113120099,15944
6117683597,15719
6117919962,16000
6119000760,11102
6120257178,15621
6126069557,16187
6126664978,15894
6127897897,11027
6131766571,15997
6132997665,11005
6134820028,15813
6138821009,15723
6140600658,15876
6142820796,16029
6145770370,15968
6146821526,15553
6150167339,15934
6150821454,15643
6154820415,15578
6157508256,15798
6158820495,15718
6162819371,15810
6164006868,11231
6166819942,15585
6170818426,15922
6171969602,16119
6172128237,15771
6174818277,15768
6178805281,20477
6186024266,15984
6190415292,15945
6190818321,15976
6192258518,15899
6192907475,16000
6198821174,16006
6206029556,16008
6207659155,15857
6210805274,30802
6211616338,15854
6211767836,11083
6211870467,16085
6212105345,11114
6212387359,15865
6213037946,11183
6213526277,15783
6218818981,16124
6221790481,15957
6226280123,15822
6229379174,15914
6229945547,15755
6232051953,11189
6234819542,15892
6234844165,16364
6236021863,11123
6238818397,15962
6239646316,16125
6239997992,11117
6241293793,15885
6242819519,15661
6244016921,11189
6246243280,15686
6246433475,16016
6248004151,11124
6250309787,16146
6250496756,16025
6252635618,15990
6254820270,15699
6258820069,16120
6259173340,11110
6262820721,16023
6266820147,15890
6270817839,16023
6270842508,16128
6272764231,15752
6274805276,13617
6274820747,16082
6278818129,15825
6282818100,16103
6283034620,358677
6286596949,15767
6287562740,16130
6287965721,11161
6290805292,29043
6292153173,15699
6292892564,16285
6293345879,11121
6298818352,15999
6302589043,15970
6303218631,15961
6306819711,16020
6307693014,15838
6309721740,15975
6310818664,16279
6311945589,11191
6312726997,15727
6313020496,15807
6313987771,11179
6314820549,15752
6326666826,16077
6326809492,15839
6333147963,15777
6334818601,15943
6338805284,15605
6345831668,15911
6346001565,15791
6350819602,15695
6352010587,11179
6353277128,15972
6354820306,15746
6358430150,15667
6362818757,15628
6363401234,15931
6366818493,15627
6368012548,11007
6370819371,15664
6373134527,15843
6374627969,15783
6374740839,15812
6378820081,15928
6382820443,15808
6386819185,15771
6388196947,15794
6390820955,15682
6390845640,15665
6392509362,15868
6393260274,16002
6394820183,15896
6398819680,15777
6400590612,16255
6401255167,15989
6402110228,15740
6402818865,16070
6407097130,15896
6410818988,16171
6411985186,16105
6412599480,11004
6413388856,15743
6414818101,15723
6414953053,11223
6415807131,15902
6416896503,16066
6418818451,15939
6422818977,16112
6426818589,16189
6426935018,15886
6426967357,11116
6427278097,15858
6428025892,11242
6428456696,15871
6428692113,16067
6430819555,15739
6436492686,11165
6441518820,16032
6442819762,15497
6448194042,15767
6453909281,16101
6464494229,15581
6468709055,15729
6470827345,15539
6471704089,15789
6473543922,11150
6473773926,16100
6473817839,11099
6474818241,15729
6478818704,15451
6482820490,15663
6486487428,15902
6486631573,15778
6488837199,15749
6490818175,15508
6494111591,15975
6494818696,15604
6495342631,11176
6496654091,16111
6498818769,15570
6502293082,15887
6502505755,16010
6504247493,15763
6505644730,15979
6506819043,15444
6508653551,15942
6508969860,15822
6510819229,15729
6512957781,15934
6514240736,16111
6518826736,16133
6526819444,15896
6527333204,16153
6529098917,15805
6530819278,15749
6534368883,15951
6538841552,15578
6543077497,15808
6545461603,15835
6546819844,15616
6550819970,15744
6554496884,15798
6554820163,15547
6555729481,11142
6558821660,15438
6561546747,15925
6562634645,15973
6562906014,15511
6564063672,11108
6566820265,15901
6568723410,15972
6569352246,15744
6570819982,15857
6572666788,15896
6573166858,15903
6577915588,11170
6578098072,15831
6578359620,11149
6578821924,16265
6579476574,11221
6582819416,15673
6583584898,11222
6583983470,16167
6584199331,16040
6586229029,11174
6586819302,15418
6588156213,16004
6588542946,15796
6591969562,11269
6594439251,16040
6594819624,15870
6598820068,15779
6602113087,15688
6605734848,15674
6606818182,15881
6610166306,15807
6610818522,15403
6611473164,16344
6611935792,15859
6613370618,11109
6613957400,15961
6614820178,15906
6616031347,11131
6618819690,15623
6621246808,15688
6622822201,27921
6626152439,15867
6626818430,15892
6628019871,11004
6629889522,15933
6630818528,15798
6631182230,11144
6639563033,15677
6642495537,16001
6648300543,15586
6649814645,15944
6650819049,15706
6654814367,15785
6656916198,15887
6658656213,15962
6658818963,15447
6660050482,11195
6662568298,15671
6662919720,16045
6664618709,11116
6667758684,15540
6667839773,16003
6669383816,11103
6670819173,15770
6671169273,11143
6674818194,15560
6677821629,16030
6677915050,16034
6682818431,15820
6686355907,15730
6686819383,15769
6688015416,11015
6690068813,15916
6690818192,16065
6705140339,16214
6706819321,15610
6710818971,15636
6714822098,15724
6718818712,15605
6722395877,16133
6722805285,42827
6724653379,15880
6726821081,15541
6727722790,11209
6728651913,15741
6730819986,15712
6731548183,11165
6732843478,15991
6734818906,15896
6735453880,15681
6736019471,11009
6736668737,16487
6738820302,15553
6739996256,11203
6742820315,15795
6743575187,15638
6746819234,15600
6750819287,15615
6754779747,15759
6754819921,15542
6756046223,11127
6758839570,15400
6760565037,15879
6760803768,16255
6762047960,15983
6762819886,15939
6766819353,15925
6766968742,15999
6774819619,15772
6778819187,15651
6782821106,15820
6784011073,11184
6784501870,15719
6786818915,16049
6790820480,15788
6792009404,11149
6792242284,16058
6794819720,15686
6798818378,15685
6801173339,15683
6802820669,15657
6803322051,16283
6804015828,11253
6806818194,15627
6810818877,15474
6812031052,11198
6812494429,16434
6812665480,15803
6814820863,15509
6816027235,11246
6818818639,15500
6820026614,11209
6822818711,15831
6824009711,11214
6824774698,15875
6824998948,16167
6826820906,15632
6829225733,15809
6830818046,15993
6835716039,15974
6835914702,16106
6837033171,11187
6839918805,16077
6849342878,16007
6850983794,15771
6870828255,15950
6884293613,15948
6886820858,15946
6891236857,15980
6894255251,15973
6897992025,15721
6898819910,15780
6899372649,11201
6900485883,15981
6902818320,15922
6902978681,15808
6904015759,11151
6910819156,15903
6912395790,15790
6912847294,15993
6913846556,15736
6914740138,15940
6914917075,16059
6916676782,15952
6918818791,16121
6920921263,15876
6921155283,15786
6923899714,16055
6924074328,16498
6925099391,11218
6925452867,15805
6927167290,16130
6930090836,15885
6930296282,16061
6941707864,16099
6941944045,16263
6950743270,15718
6950960179,16043
6952119793,11156
6953698886,15728
6953921389,16247
6956486274,15857
6956682781,15832
6957942428,11208
6958820486,15752
6962818353,15519
6965086850,15849
6965968706,15994
6966821519,15714
6970819033,15392
6974820406,15463
6976056145,15802
6976263822,15968
6977493829,15841
6980399984,15962
6982820138,15773
6991775386,15747
6996697844,15887
7003162190,16000
7009919406,15995
7010248257,16178
7012041401,11096
7012781095,15959
7014093838,11242
7014467925,15835
7014497753,11096
7014832512,15629
7018805271,13596
7018820679,15737
7022805276,17168
7027459277,16025
7039512648,15755
7042805282,22665
7045834520,16003
7046817954,15917
7050819378,15937
7051078082,15858
7052019506,11185
7057094747,16034
7057698172,15783
7065580835,15905
7066131445,16030
7070627848,16180
7073255763,15821
7074689910,16075
7074805304,37510
7077508248,15852
7078463955,11052
7078820577,15891
7080649108,15998
7080826757,15980
7086819323,16099
7086847257,16083
7088024988,11118
7090757270,15942
7092413239,15977
7094817138,15963
7094841838,16215
7096027651,11112
7098818060,16085
7102818916,16052
7103345515,16215
7106820714,15850
7110820285,16290
7112912442,15783
7114299520,15825
7118820470,16142
7120418853,15943
7122818228,16216
7124050385,11140
7126830141,16018
7128021108,11227
7132617984,15634
7132913203,15830
7133781601,11009
7138805270,40274
7138877714,16070
7142303871,15754
7154818513,16010
7157750181,15744
7158502300,15797
7162820427,16022
7166818379,15979
7170818708,15988
7172808176,16009
7174819661,15645
7178820789,15593
7182819966,16257
7186821005,16261
7190820236,16084
7191223507,11174
7192313116,16086
7192936362,16156
7193502369,11221
7194819072,16118
7198819989,15909
7202805275,17266
7202956810,15759
7206104369,16178
7206819024,15928
7207901730,15787
7209485437,15879
7209704071,16034
7211979962,11242
7213176032,15775
7214820911,15509
7218640590,15961
7218819463,16221
7220502449,15702
7222299813,15764
7222819136,16007
7223995081,11212
7226819543,15749
7226844036,15962
7228020960,11158
7230343391,15814
7230849971,16122
7234819661,16129
7236032777,11133
7238496558,15748
7238819652,15986
7239817930,11012
7242818451,15884
7246819103,16033
7250819660,15888
7251601769,16116
7253261908,15971
7254819437,15610
7258817982,15886
7263304780,16009
7266818403,16034
7268788790,15664
7270889056,15800
7274818210,15834
7278818361,16013
7283598561,16212
7286110047,16172
7294820842,16025
7302818067,15993
7303710192,15745
7309859981,15985
7310302911,15794
7311494260,11218
7313643868,15759
7314818534,16018
7318808632,15984
7333772228,16123
7336359701,15706
7338506006,15917
7338742488,16295
7339853509,11161
7345950000,15891
7346217737,16058
7349959037,15821
7350836939,16093
7352106136,15970
7354821194,16278
7356015254,11187
7358820402,16033
7359032794,16301
7360014427,11229
7362821419,16146
7364016839,11126
7366818569,15703
7368219053,15890
7370821667,16146
7374027747,15788
7374821164,15915
7376017479,11241
7378824325,16129
7379169570,16103
7380022900,11178
7382823313,16036
7384000940,11171
7386821756,15979
7387533178,15929
7388015216,11006
7390820180,16116
7392643444,16033
7394805271,34837
7396974980,15934
7398471650,16000
7398822232,15701
7402821209,15982
7403817745,15889
7406818131,15767
7410820566,15747
7413642205,15969
7414820404,15994
7418820402,15405
7419387648,16238
7421907539,16152
7421939105,11122
7426818331,15551
7427544446,16066
7428787170,11156
7429233602,16267
7429957203,16128
7432141142,11006
7432556263,15694
7434819144,15757
7435965854,11166
7438883127,16307
7439984377,11008
7447021169,15808
7454818988,16227
7456555797,16159
7459657211,15997
7460092424,15959
7463223532,15769
7466776241,16094
7467009134,15968
7468056333,11167
7472857148,15934
7474819122,15704
7475525917,15877
7476002950,11164
7478819572,16077
7479791022,16106
7482818134,15895
7486818831,15661
7490805294,35943
7494818194,15934
7495573161,16035
7495920632,11206
7496494296,15797
7498821735,15843
7502879327,15918
7510818591,16031
7513002474,16023
7513902092,15978
7514818811,16052
7514843520,16206
7518805264,12825
7518819723,16030
7520058917,16003
7522805267,21466
7526818871,16392
7527955892,16231
7528015679,11112
7530818767,16026
7534819382,15977
7534972739,16117
7541344064,15978
7555101030,15811
7557319974,16016
7560325952,15788
7562876940,15778
7564037440,15936
7566817864,16223
7570818997,16217
7572521532,16030
7573193078,16070
7576024555,11018
7576945465,15744
7578819940,16080
7582818957,15870
7586819799,16228
7590819086,15489
7592722684,15929
7594818303,15550
7595272918,15889
7596608927,11102
7598818968,15483
7599991558,11156
7602820585,15523
7602869453,16244
7606819952,15676
7608915516,15874
7610819429,15767
7614168769,15774
7614833495,16297
7618820729,16213
7620727406,16196
7622899956,16216
7626818130,15780
7630819966,16184
7635561499,15926
7641300893,16000
7650833170,15746
7655689135,15809
7657495448,15923
7660992355,16227
7667281257,15710
7667642865,15823
7669472631,11221
7673935180,16202
7674837389,16367
7675009924,11267
7675817792,16360
7675964161,11114
7677557553,16217
7678051839,15975
7679696105,16078
7682805281,37920
7682843810,15880
7686093943,16223
7686819224,15846
7690819072,16020
7694060595,15815
7694818792,16048
7695399880,11187
7695946008,16291
7695977062,11046
7698820461,16321
7701236637,15675
7701308876,15762
7702683633,11131
7705079582,15963
7706080148,16227
7706819637,16017
7710819931,15885
7714424801,15755
7714805301,12537
7716074547,15745
7717176206,15812
7718770189,15680
7721273228,15822
7721476803,16074
7722586358,11162
7723699418,15681
7723921284,16022
7727604810,16070
7728630810,16017
7728796195,11241
7736202244,16070
7737896022,15870
7741607213,16244
7750539613,15945
7754421776,16013
7761738711,15953
7762832320,16029
7767987461,16106
7770820901,16000
7778805295,14716
7778820348,16235
7781738403,15889
7786040427,16085
7788223094,15937
7788441613,15775
7797018405,15858
7798247643,15674
7801453961,15966
7802234302,16115
7810820347,16331
7814684571,15883
7815427341,15899
7818437960,16143
7821108653,15931
7834254021,15899
7835387493,15755
7836791042,15765
7838884063,15915
7842100858,15682
7842200890,15810
7846314761,15889
7846819680,15762
7848492126,16051
7850777976,15994
7854941308,16023
7862318649,16011
7864811913,16153
7874836795,16220
7878035288,16226
7878811137,16216
7882316957,15951
7898890953,15445
7899882663,15888
7900617503,11234
7902533135,15740
7914818930,15811
7915498951,15987
7916034478,11121
7917000483,15894
7917218927,16232
7918341336,11165
7922660412,15979
7929103373,16143
7931427650,16010
7938818765,15848
7942233348,15889
7942434628,16280
7943575580,11134
7943909653,15869
7943934074,11157
7945233082,15714
7945532740,16226
7947839648,15779
7956975901,15654
7957172966,16260
7958247574,11205
7958819029,16003
7962565271,15878
7962834565,15722
7964023107,11155
7964042927,15890
7964073036,11107
7965070588,15771
7966104844,15956
7966818068,16254
7970819689,16221
7977630120,15811
7980243861,15929
7982989661,15952
7996437476,15962
7998818161,16176
8002894469,15891
8003844790,16313
8004892752,16009
8006015878,16244
8010818862,15973
8015577017,15767
8015863584,16132
8017155854,11204
8017888635,16238
8018819689,15872
8019115310,11174
8021493790,15933
8022841014,16124
8030805293,33510
8034805301,33906
8036004079,16206
8038069296,15850
8038819255,16110
8039242200,11253
8043284279,15993
8047178215,16046
8051320242,15796
8054255436,16156
8058820604,16023
8062442974,15898
8063419507,16065
8066033203,16205
8066274939,16158
8075887701,11201
8077399756,15694
8078225612,16174
8078818655,15982
8083564027,15889
8093608151,15968
8093961055,16070
8098820133,16189
8102819197,15431
8105075218,15737
8110818283,15728
8116425664,16249
8118819324,15744
8120545529,15816
8122818614,15771
8123218292,11005
8123817076,15931
8124050773,11245
8134538631,16036
8138602233,16247
8142195357,16026
8143946507,16015
8150819928,15966
8156113466,16209
8158731378,16236
8160413129,16047
8162820861,16000
8162883441,16211
8164017704,11246
8166385089,16052
8166818720,15798
8170820188,15782
8172671236,15680
8172906510,16417
8173961708,11136
8174819634,16272
8179967442,15904
8184150935,15968
8194805291,16409
8195167936,15697
8198950828,15893
8204281254,15733
8205262344,15988
8210818339,15998
8215833136,15925
8218820520,15989
8220226604,16097
8223158688,15979
8224115011,16224
8229157927,16094
8230889903,16063
8231067657,11149
8231211232,16205
8234820732,16258
8238073758,16027
8238818723,16266
8240014454,11125
8242818478,16037
8244533536,15998
8246820342,16180
8250819852,16197
8254820469,15983
8258818265,15932
8259232872,16088
8260014536,11210
8260439304,15860
8262820182,16195
8264370142,15819
8265638756,16192
8265751192,15803
8265888422,11264
8265927055,16267
8270821045,15736
8271695743,15841
8272039943,11107
8274834761,15730
8280568286,15743
8284789509,16247
8295441656,16202
8299485424,15751
8301984879,15877
8302207237,15808
8304919717,16215
8309998393,15766
8313155786,15816
8314155090,15758
8314274909,11156
8319613567,16256
8320826800,15801
8322805274,23406
8325049168,16198
8330008378,15737
8334819404,15740
8336563185,15757
8337617149,15967
8340956235,15803
8345178191,15968
8347120299,15893
8347627228,15978
8349274906,11004
8350819508,15892
8354820821,16023
8356018185,11227
8358818879,16127
8360027925,11120
8362819156,15670
8364013011,11121
8364999498,16019
8365649446,16248
8366970881,11203
8367715014,16105
8370819120,16064
8372011907,11040
8374827696,15979
8374891205,16076
8376023346,11219
8377191755,15898
8378818686,15698
8379995923,16020
8380026171,11123
8381211046,15701
8382819869,16099
8385125612,16211
8385431864,15819
8386819555,15950
8390819305,16194
8392773268,16035
8400132876,15893
8405560239,15748
8410822017,15906
8416130914,15713
8418820912,15988
8418845635,15877
8421421913,15999
8422035834,15765
8422818880,15928
8425386166,16311
8426820649,15656
8428297598,15757
8429366125,16216
8432404294,16123
8433722275,11205
8438194055,16080
8438819224,15707
8439380836,11139
8441550193,15803
8441772752,16229
8445811653,15760
8448764072,15746
8450820333,15859
8461679805,15950
8463863774,15934
8464799172,16038
8465199207,11165
8465643385,16361
8466298307,11141
8474821824,16230
8476327827,15943
8480991475,15954
8482805294,36856
8486063673,15970
8486852758,15630
8486996951,11127
8487016729,15810
8487289868,11127
8487380268,16006
8498498267,16243
8498818115,15947
8501888157,16120
8502818172,16217
8505808120,15976
8506192306,16055
8507039668,11236
8513386058,15915
8514818612,16196
8518829002,15739
8520899058,15791
8522017879,16138
8522818232,15786
8526322104,16011
8530818776,15943
8535484052,15706
8535622027,15880
8538831016,15559
8542146347,15929
8546148166,15964
8546414501,15782
8546805268,39890
8547964912,11234
8550819492,15957
8554820654,15898
8558590645,15731
8558795543,21142
8559941415,11179
8561153707,15756
8562819759,16127
8564015453,11163
8566418379,15981
8566819374,15863
8567502816,11225
8570820513,15430
8573147371,15934
8573441859,16215
8575968622,11003
8578818942,16296
8579470136,11202
8582359480,15965
8582819002,16167
8582882073,16360
8583588624,11231
8586700009,16230
8586819749,15904
8587628159,11229
8590820158,15976
8594820642,15971
8598818247,15983
8602488812,15981
8602820509,16047
8604883844,15667
8605992235,15895
8606831253,16280
8607969970,11122
8610543385,15956
8614818213,15933
8616534816,15777
8616581845,15849
8618817999,15812
8621534818,15670
8622819619,15686
8626744028,15964
8626960234,15863
8629557915,15984
8630834100,15807
8634220366,15914
8638826397,15840
8641663362,15773
8642745139,16137
8642805261,11251
8647088104,15750
8654836531,16254
8659244385,16243
8661791896,15790
8662824951,15809
8666820058,15750
8667216445,16143
8670820024,16255
8672964132,15692
8674805277,36848
8674886759,16077
8676042960,11161
8678819647,15976
8679583324,16198
8681920788,15951
8682979530,16024
8687344390,16019
8691384443,15916
8694648797,16209
8698819882,16241
8699456205,15998
8701627271,15757
8701726521,15768
8706518527,16031
8706805272,39662
8710821073,16191
8716825983,15945
8719585351,15727
8723176845,15760
8727559898,15774
8728649713,15948
8728813766,15819
8729030590,15947
8739893661,15937
8743305066,15931
8744438127,16167
8747307629,16018
8750800135,18544
8752584727,15937
8762383015,16220
8763433348,16050
8766959652,16152
8767811849,15895
8768128967,15914
8768189225,11142
8770819676,15949
8772305440,16012
8778818225,16049
8781505464,15868
8782513596,16131
8787939708,15780
8801942534,15921
8802042111,16039
8803353249,11103
8808067289,15941
8808324264,15745
8810301937,15787
8810818857,15670
8811993696,11207
8814818192,16022
8816173562,15709
8816770809,15867
8817400319,11193
8818818427,15870
8820812729,15969
8822820325,15986
8823812645,16050
8823999105,11106
8826819810,16100
8828196995,16001
8829705165,16050
8830818332,16064
8831025824,11210
8831094664,15914
8840671813,15675
8842900499,15788
8848335437,16232
8864019040,15802
8867976464,15975
8868463876,15795
8869392164,15764
8874828072,15557
8878813448,15406
8879045906,15795
8880181499,11105
8883153955,15999
8884148432,15937
8888592489,15982
8890820455,15982
8900648028,15919
8902817849,15950
8903283419,16047
8904238589,16005
8906819466,15938
8908720805,15969
8917966217,15904
8923413487,15740
8924405408,15761
8927185664,15752
8928848427,15938
8931332009,15747
8934344149,15769
8938316391,15803
8942375120,16067
8944533148,16020
8948979168,15791
8950818911,15813
8957155652,15788
8957441068,15771
8958371727,11216
8958820520,15801
8961726006,15900
8962818223,15945
8962855785,16006
8964013833,11229
8964663257,15986
8966538796,16007
8966818607,16126
8968509651,11218
8968560450,15842
8968700960,11014
8970820220,16043
8983792236,16004
8984792237,16132
8989191280,15936
9000079690,15959
9002828067,15402
9003978801,15971
9004920960,15813
9005158177,11200
9006570454,15736
9006710476,15804
9008872453,15883
9010820076,15556
9014882450,15981
9016383561,15884
9016503926,15704
9016926769,16181
9022819420,15569
9025049375,15951
9029404265,15761
9031335392,15969
9032147256,16026
9038805268,19322
9045179147,16013
9046819235,15947
9049533894,15946
9051418990,15787
9064311577,16027
9066411446,15993
9070885456,11095
9073488871,16003
9074717876,11240
9074825503,15850
9075962222,11186
9076304151,16001
9078819134,15960
9080016820,11145
9080978486,16075
9082821074,15930
9085432094,16160
9086817891,15525
9089274671,15935
9090821044,15980
9092011220,11124
9092869149,15957
9094820586,15661
9096113576,15755
9098819904,15853
9101748952,15978
9105560554,15954
9105767599,15796
9106819546,16245
9106892750,15956
9109919901,15780
9110821193,16055
9117811355,15922
9120708885,15591
9122819650,16033
9124006085,11078
9125689390,16092
9125866857,11007
9130819784,15649
9131965434,11156
9134873125,15908
9134940447,16047
9136291851,11035
9144052938,15623
9146614409,15894
9150175024,16247
9160744659,16039
9161583689,16111
9162840730,15805
9165898480,16013
9166819067,15955
9167946226,15794
9170305083,15974
9186029315,15972
9186818114,15972
9190431563,15776
9193024154,16029
9196183813,15672
9202836982,15803
9206157103,16159
9206926292,15752
9207078070,15939
9207383047,11185
9209988045,15948
9210559270,15917
9217332624,15678
9218820856,15904
9220014934,11104
9222817985,15726
9224994463,15753
9226288998,15808
9226818575,15945
9230689920,15749
9230818489,16287
9232070717,15942
9232315735,15686
9232656569,16059
9237699272,15903
9238819038,16142
9239322334,11213
9242818586,16022
9246417595,16161
9246820028,15935
9250818977,16123
9253734028,15887
9254819466,15961
9257398951,16000
9258817714,15781
9262819629,15609
9264180221,16356
9265287481,11216
9266203930,15904
9266819332,15697
9270818503,15827
9273698708,16244
9274805246,29628
9275018807,11189
9275121809,16210
9276021568,11096
9282818271,15966
9285613268,16212
9286626868,15987
9286884662,15977
9289435201,15941
9291068854,15754
9305741714,15688
9309932048,15801
9310819604,15871
9314820132,15824
9318819031,16129
9321818943,15849
9325870748,15772
9328269635,15933
9328481259,16060
9329562823,11046
9330818355,15427
9334819257,15986
9336765881,15789
9346947772,16165
9347936216,15982
9348321735,15952
9348583146,15646
9350361929,11201
9351405700,15906
9351966622,11013
9354819244,15939
9358818134,15765
9362818703,15992
9366819006,16027
9367078877,16277
9369118285,15773
9369946330,15996
9370235890,16086
9370819529,15984
9374818951,16236
9378820333,15825
9382818345,16132
9386251841,15933
9386819227,15823
9390817760,15912
9391612035,16317
9392024154,11240
9392908888,16046
9393540497,16266
9402734581,15808
9406390171,15948
9407440787,15903
9410805258,38352
9414820471,16035
9417626452,15711
9418818306,15875
9419269411,11166
9422819229,15997
9426818927,15975
9427930576,15763
9428074170,16016
9428641039,11210
9429503977,16064
9429537195,16205
9429741722,11041
9431289040,16006
9434819099,15606
9437781467,15959
9438874679,16054
9439089752,11239
9441901533,15788
9443513135,15992
9446643556,15998
9447541454,16069
9450818730,15613
9451938525,16102
9463644293,16184
9467439186,15940
9468671756,16203
9469729347,15978
9472066900,15790
9475005129,16017
9477355314,15775
9482820088,16144
9484809142,15790
9484893594,11147
9485445892,16145
9488259460,11115
9489513512,16197
9490820884,15701
9494820086,15735
9498820496,15686
9500007581,11130
9502820261,15834
9506805288,40990
9510820357,15793
9511610744,15849
9512008181,11113
9512260805,15903
9514821073,15698
9516009852,11054
9516264143,15993
9518805248,20571
9518829686,15835
9520019003,11200
9522820428,15694
9524018685,11191
9526821094,15622
9527103706,15880
9530805310,11192
9530821595,15846
9530846200,16066
9532527194,15925
9532907949,11001
9534818352,15572
9536062078,15772
9538819959,15476
9542819435,15451
9547976968,15806
9548623601,15738
9549873822,15674
9552511775,15785
9562834595,15979
9564369628,15994
9567358173,15800
9569357140,15793
9570819384,15794
9572640946,15972
9574177070,15832
9574435229,16024
9578819950,16083
9580562588,15909
9582819133,15850
9586819576,15693
9588593370,11204
9590819753,15648
9591950569,16102
9591991493,11089
9592772706,15813
9594820127,15662
9598820054,15508
9602819136,15621
9604634469,15907
9606819199,15665
9607571017,16044
9610819061,15481
9612948030,15972
9614821204,15434
9617925601,15751
9619076520,16110
9622820561,15778
9627516766,15708
9627699261,16044
9628832375,11200
9630818792,15789
9632164789,16007
9634805266,15187
9638229602,15998
9645287117,15856
9646818101,15827
9653149467,16139
9661610654,15822
9663046588,15992
9664897346,16090
9667952679,15972
9668702974,15997
9671862655,15700
9672419766,15760
9674818245,15783
9674842867,15676
9676017117,11121
9677682285,15964
9679711446,15914
9682819212,15694
9688831500,15791
9691215365,15959
9692548414,15823
9692876635,15898
9694819600,15991
9698805285,38299
9698894379,15879
9700065929,11144
9702083638,15751
9702174160,15995
9703575290,11126
9706818225,16012
9709537231,15754
9712677564,15714
9714817732,15517
9716134316,15835
9716362430,15785
9718817990,15590
9722080632,15876
9725215040,16142
9726818918,15471
9728292541,15985
9729089806,15974
9730820878,15681
9730902016,15816
9732046531,11180
9732805565,15772
9733674674,15772
9734818402,15588
9736648157,15777
9737355656,15951
9738425904,15753
9738818896,15488
9741646993,16257
9749219184,16105
9753803778,15787
9762836697,15930
9765163098,15955
9766820586,16110
9768548479,16206
9770819324,15844
9773800831,16154
9773932581,15785
9774819142,15764
9778819366,16054
9780842676,15909
9789430483,15894
9790493980,16039
9794061582,15969
9802468788,15650
9806146905,16139
9808801579,16220
9809561759,15913
9811442373,16133
9813941410,16033
9816377622,15961
9818119030,15953
9818819210,16062
9822818371,15954
9826805288,44852
9828761808,15667
9829795619,16128
9832167993,15926
9834311914,15792
9834820373,15969
9835965422,11212
9838221681,15962
9838365189,15920
9838784768,15737
9842819656,15501
9844025142,11159
9845426193,15987
9846805269,17494
9847961131,11077
9849771309,16245
9849992547,11197
9850818220,15836
9853501597,15731
9854720813,15788
9854818302,15599
9855669352,11079
9856200062,15930
9858820548,15770
9860015488,11114
9862819002,15908
9865717690,16241
9866819623,15809
9868007723,11183
9869685870,16457
9870805296,12633
9870835906,16084
9871519754,15740
9872020255,11247
9874565237,15968
9874818785,16141
9875796123,11183
9886818605,15766
9887145036,15790
9890023858,15782
9890820943,15997
9894695607,15761
9900695266,15867
9903336817,15992
9904779454,15890
9906820191,15961
9909384252,15789
9910152726,15771
9914826777,16101
9919531501,15943
9922805290,13627
9930280663,15751
9934821238,16126
9938445555,15957
9942516853,16131
9943871800,15908
9944000403,16160
9950409031,15779
9951218844,15881
9954818499,16167
9958994935,15910
9962840882,15651
9966375179,15885
9967964870,16182
9968061354,16170
9969763327,15969
9970536685,15819
9974259109,15998
9975205895,15780
9976641304,15984
9978819086,15488
9986902498,15982
9990665779,15982
9995334532,15772
10000599847,16024
10006727747,16174
10010149070,16137
10014818790,15995
10016183371,16010
10016470398,16063
10016633499,11153
10016653315,15813
10018425555,15820
10018818306,15618
10022818770,16018
10023292199,16033
10024015356,11212
10026819026,15921
10026883335,16247
10027882670,11087
10030819004,16118
10031980616,15973
10032380735,15675
10034189963,15679
10034793344,21444
10037487732,15767
10038514445,15804
10038818958,15706
10039834817,11265
10042818546,15780
10046805294,33934
10048822141,15802
10050819201,15853
10051507084,16085
10052022369,11183
10054819727,15893
10058818761,15969
10059031308,15850
10062819086,16123
10065173333,15769
10066324228,15984
10066541269,15800
10066575515,15787
10074819259,15509
10076532035,11229
10077624039,16210
10078821594,15520
10081377700,15903
10082819558,15553
10086818637,15736
10088023011,11202
10090290313,15920
10090818522,15537
10093295467,15775
10094818985,15811
10096044475,11013
10097773637,15789
10102818916,15731
10104706843,11263
10106818207,15844
10110820282,15855
10111180716,16105
10111728997,11184
10114569381,16014
10114833420,16034
10115085571,11196
10115893682,16110
10118818051,15576
10120818686,15500
10122819260,15631
10124012375,11056
10126818720,15617
10127960142,11252
10129969036,15754
10130819359,15551
10134380477,15916
10135123701,15900
10135965040,11244
10138818156,15725
10142818927,15681
10146818364,15687
10151391822,16145
10154844926,15960
10155377209,15880
10158819215,15992
10161064698,15827
10162818194,15725
10164374822,16054
10166818551,15998
10170818771,15976
10172014695,11094
10174821837,16182
10175336569,16352
10176235242,15821
10177325070,15763
10178548843,15747
10178822279,16066
10183439182,15904
10192843009,15655
10193001064,15726
10194744758,16134
10195465057,15943
10196364983,15971
10205032288,15859
10208739750,15948
10210805293,19628
10211069390,15654
10214818498,15947
10215598132,15855
10216499225,15985
10218684759,15783
10219329052,16158
10219845532,11252
10220521631,15961
10222819876,15780
10226819494,15581
10227696610,15774
10228939661,11243
10230818340,16203
10231805663,16020
10233427315,16031
10234183201,16177
10236735171,11097
10238662235,15705
10238820573,15765
10242820047,15870
10246819021,15852
10247874719,15845
10250819049,15998
10254819127,15921
10256749288,15749
10257112026,16019
10258819423,16259
10262818563,16239
10266820079,16196
10270821077,15903
10274819123,16091
10278805260,29195
10282820136,15891
10286819019,15728
10291527678,15786
10297004673,15806
10306820954,16129
10310272198,15755
10310836019,16070
10312171081,15754
10312861343,16249
10314027977,15954
10314174076,15820
10315367526,16045
10315552444,11002
10316073777,15936
10317133207,15997
10318820510,16177
10321811024,15782
10332300299,15822
10336968597,15744
10337921481,15977
10338819920,16220
10347981732,15806
10348082042,15650
10348106424,16054
10351989780,11110
10352434781,16159
10354820455,15583
10356010269,11161
10356328814,15946
10357332472,15789
10358821317,15766
10361185451,15910
10361426453,16024
10362605339,11097
10362821252,15827
10363969411,11138
10366821530,15809
10369109488,16085
10370821508,15735
10372051390,11124
10372560599,15771
10374820450,15373
10376453756,15934
10377460339,15912
10378820751,15628
10382818720,15343
10386833411,15568
10388951396,15741
10390820524,15475
10392692152,15978
10394819713,15885
10397589217,15754
10397866824,15995
10406837439,15999
10409106172,15763
10412243927,15797
10412819719,15769
10413336718,11326
10414818598,15757
10416837399,15810
10418819996,15811
10419000317,16003
10421051621,16013
10422819704,15924
10423519972,11010
10425576233,15680
10425794838,16092
10426974203,11006
10429470135,15926
10429689758,16021
10432004343,11072
10432371974,16066
10434805301,21925
10436922949,16143
10439989171,11120
10442818950,15907
10442882837,15639
10450819086,16190
10453078157,15967
10454819461,15891
10456955365,15991
10457915289,15929
10458818901,15967
10469861647,15998
10473206353,16160
10474834777,15985
10477086531,16035
10477903159,16071
10478044938,15956
10478762692,15538
10479275539,11227
10482819345,15603
10484652031,15917
10486055073,15935
10490820199,15817
10491047648,16036
10492015617,11208
10493335223,15940
10498175365,15783
10498819354,15766
10498850782,15966
10502818003,15436
10506819543,15655
10509305427,15671
10513460772,16142
10514819241,15576
10518305836,15953
10521316560,15782
10522805377,11816
10522818039,15493
10526818928,15564
10530819143,15747
10533585900,15958
10538436476,15968
10539003380,15985
10550774151,15958
10553132721,15777
10553614304,16205
10558564651,15776
10562805274,41434
10566867916,15789
10569571238,15971
10570800578,12513
10571445714,15995
10573839899,15955
10574373590,15772
10578014621,16191
10578817966,15960
10578900668,11194
10582819966,16128
10584021025,11002
10586819656,16189
10590818988,15979
10591988262,11041
10593388805,15983
10594819641,16210
10595984391,11245
10598819633,16302
10600035865,11018
10602819528,16254
10606715945,16069
10606820634,15650
10609885708,15798
10610819193,15820
10611976181,11138
10613155344,16040
10614053435,16075
10614819199,16043
10618821774,16280
10620055216,16290
10620267633,11238
10622819388,15772
10626879404,15989
10630819399,16158
10633878457,16164
10638820632,15898
10639297486,15860
10640015096,11199
10642818950,15897
10646818238,15893
10654266281,16149
10658805263,31864
10663397494,15628
10663927402,15771
10664742700,11176
10670262566,15709
10674394588,16004
10676121798,15903
10678303929,15816
10678818854,15678
10681069327,11250
10681700647,15904
10681925968,16002
10684123071,11102
10690818304,15941
10694017935,15930
10694524719,16187
10694549477,11086
10698818285,15958
10699409824,15911
10702457292,15785
10702523401,15764
10706818647,15925
10707839580,15970
10708043568,11165
10710493957,15796
10714656922,15919
10719460144,16182
10721835343,15810
10722805266,35172
10722879316,15828
10724045438,11224
10725287735,16121
10725897838,11115
10728669459,15736
10730818634,15799
10732035090,15963
10732655679,15968
10734274545,15972
10736654415,15806
10739516251,15753
10739666422,16023
10740653503,16157
10740897149,11127
10742821435,16140
10750833748,15797
10751314389,15871
10754819340,16228
10754867042,15782
10756026003,11211
10758805265,18360
10758831729,16116
10759337920,11145
10759799800,16020
10760065407,11094
10763292602,15994
10766818578,16188
10770820877,16222
10774821169,15779
10774996182,16078
10775755059,11212
10778942061,15746
10780644626,15989
10782845202,16053
10783369460,11020
10783472942,16271
10784024111,11108
10790819739,16097
10794820177,15905
10795123856,15995
10795880574,11198
10799069831,15726
10800065834,15985
10802773929,15898
10804392301,15737
10806819913,15911
10808562040,15904
10810819406,15606
10814781747,15698
10814819666,15836
10818819221,15416
10819197757,16047
10821714928,15700
10822046757,16008
10826818133,15372
10830819073,15809
10831170202,16105
10832022498,11166
10832769180,16006
10833053033,16034
10836226294,15700
10838820630,15590
10841229578,11021
10842820237,15387
10846534531,15898
10846819533,15648
10851301587,15953
10854819151,15819
10855419046,16002
10856015914,11178
10858818696,15559
10860409843,15956
10862820406,15590
10866819625,15517
10869745630,15899
10870818805,15821
10872223602,16007
10872915174,15636
10875170520,15965
10878819551,15533
10879039189,15804
10880041169,11219
10882818040,15423
10886818170,15555
10889182447,15767
10889545686,15780
10894819229,15534
10895623971,16101
10896046185,11251
10898126654,15949
10899653585,15748
10899690991,11138
10899752536,16002
10905735911,16023
10907502871,15882
10909975302,15998
10915426142,16279
10918819549,15623
10920744384,15944
10927176121,15779
10930663358,15656
10930748620,16046
10933829094,11144
10934163287,15673
10934367901,15777
10938574202,15729
10938820104,15640
10940872446,15872
10940989674,11228
10942647278,15954
10942820753,15387
10943875746,11163
10946820058,15710
10950741710,15889
10950886055,15811
10954334504,15992
10954819012,15466
10956020502,11084
10957060491,15878
10957209003,15733
10957391924,15794
10958399598,11202
10958821124,15583
10961003626,15980
10962111556,15856
10962253549,15724
10962818313,15444
10963588065,11206
10966819183,15552
10970819574,15652
10972253871,15728
10972492004,15927
10974818030,15505
10976034102,15948
10978805300,26098
10981131494,15790
10982818474,15618
10986819004,15506
10990819744,15488
10994221353,16021
10995566779,16102
10996166566,15964
10997072238,11138
10998818738,15554
11000188941,15977
11001260922,15797
11002850837,16019
11006819712,15463
11010819458,15625
11010930376,15809
11014007758,15939
11014818633,15778
11016296168,15807
11018818930,16120
11019540792,16123
11021388781,16175
11022820070,15695
11026818406,16248
11030820632,16202
11034818272,16148
11034851912,16039
11038818574,15930
11040446937,16128
11042820160,16019
11046818421,15998
11050819361,16036
11052667304,15899
11052775755,11200
11054805270,33565
11056504491,15762
11060577563,15984
11066468265,15920
11066934891,16153
11070819170,15772
11072228864,15880
11073453086,11259
11074829168,15791
11077438755,11128
11078377433,15668
11078820804,16369
11079965790,11176
11081764786,15736
11082817951,15935
11083678708,15959
11092957107,15766
11093597686,16214
11096700564,15777
11098872768,15748
11101893438,15962
11102819285,16005
11110819232,16037
11115066013,15775
11116828836,15996
11118819262,15856
11120954066,15892
11122819440,16040
11123909985,11204
11126819469,15546
11130817905,15598
11131258429,16107
11132010183,11149
11134820450,16165
11135008259,15857
11136048939,11217
11136956047,16019
11138821674,15670
11138864426,15625
11141086726,15953
11142420041,16064
11147454688,15863
11157085361,15844
11158817924,15932
11162274004,15946
11162820615,15944
11163953056,16061
11164015553,11135
11166820286,16229
11170820378,15972
11172856733,15965
11174819669,15968
11177213821,15798
11179852402,15763
11182403029,16118
11192958335,15735
11193163497,15773
11194166342,11206
11194723406,15708
11194838729,15937
11196046759,16124
11196653839,15764
11198090497,11182
11198820813,15969
11202532616,15730
11206898742,15752
11213111895,16144
11214819870,15878
11217423277,15966
11218820559,15841
11219743494,15971
11222539192,15998
11233782617,15971
11234190197,15986
11237551738,15754
11238821199,15656
11240985439,15927
11241372824,16012
11252673159,11211
11253352282,15891
11257680036,15794
11258515219,11205
11258818008,15635
11261132739,16027
11262464102,11233
11262820011,15651
11266820476,15666
11268015858,11225
11270818478,15601
11273048680,16135
11274818274,15415
11277418608,16058
11278805281,14759
11282819759,15602
11292863028,16096
11294817945,15944
11297888389,15789
11298820231,15889
11302818176,15952
11309027665,15936
11310145343,16011
11310219030,11111
11310408283,15856
11316801200,15935
11319951032,15698
11322121062,15688
11323183113,16145
11325499144,15958
11326376618,15785
11327568269,11164
11330821752,16014
11333940996,15734
11337389271,15754
11338145374,16093
11341694533,15771
11342819505,16271
11343008613,11190
11345924569,15751
11346234225,15996
11348205841,15918
11348448607,15890
11351297725,11085
11354818407,15508
11357717351,15983
11358819561,15679
11359098768,11146
11362818307,15678
11368816285,15822
11370376007,16163
11370586993,15646
11370666491,15667
11373313571,16115
11374819031,15522
11378353881,16011
11378819576,15680
11379230549,11017
11382818999,15803
11386819537,15590
11389292475,15882
11390817971,15708
11391195735,16020
11394833826,15927
11398484384,15757
11398819656,15619
11402630659,15988
11406818823,15512
11414820612,15925
11418613100,15757
11418819410,15784
11419997749,15902
11422760392,15780
11422818776,16169
11426820438,15954
11430085811,15736
11430317285,16401
11434999531,15684
11435023885,15971
11441651088,15763
11442880698,16092
11443006778,11184
11450519967,15891
11458819544,15649
11458887236,15835
11459656341,11228
11463657524,15998
11474587240,15995
11475664386,15950
11478747606,15998
11482818698,15968
11483098799,15902
11486584790,15811
11486730542,16089
11490818290,16216
11494817924,15708
11498819227,15863
11501641486,15930
11503856281,15906
11503983177,11198
11506820059,16238
11510819382,16044
11514821445,15786
11514860305,15484
11516025498,11254
11517779026,15702
11519985035,15868
11521307290,11183
11522805267,74493
11523987114,16198
11530819489,15917
11534817911,15643
11534941343,16055
11538819703,15881
11542818885,15985
11544095747,15982
11544946220,15690
11546818491,16208
11550820087,16078
11554805293,19857
11559023048,16001
11563492195,15878
11566819378,15754
11566892674,15846
11567704211,11163
11570143192,15952
11574819414,16213
11575237841,16203
11578190529,11102
11578819880,16126
11580079513,11002
11582820011,16262
11583620471,15859
11584297544,15804
11586820637,16181
11590820522,16228
11598820255,16025
11602880069,15956
11603809915,15832
11604806562,11197
11606820510,15863
11610821335,15990
11612008825,16043
11614829919,16231
11615339188,15937
11618820505,16029
11619636624,15851
11620018646,11112
11622820935,16070
11626820598,15783
11631186359,16004
11634820288,15936
11635468085,15912
11636024798,11214
11639381866,16255
11642225511,15723
11650887811,15790
11659510692,16227
11664030134,16011
11664698158,15732
11674005975,15603
11674824047,15740
11679763809,15791
11682819215,15996
11684838841,15784
11693448406,15910
11696742732,15864
11697926889,11036
11700101444,15937
11702821922,15587
11704319597,11258
11704979225,15752
11706819272,15602
11709077863,15669
11710818408,15852
11712149193,15955
11715872034,15839
11719715898,16013
11722830066,20494
11724072590,16025
11724207958,16036
11736001786,15783
11740355822,15938
11744534164,15702
11746876483,16032
11751576194,15658
11760483766,15754
11764613882,15786
11768884418,15980
11770820588,15878
11774278350,15749
11775308947,15823
11778819541,15993
11780544956,15627
11782181592,15949
11782820634,15942
11783398837,11004
11785381662,16243
11786818394,15945
11794820528,16216
11800735332,15776
11802819725,16044
11803222040,15998
11805508551,15740
11806905183,15897
11810805275,28747
11812249707,16176
11815885417,15939
11816448069,15976
11816675497,15804
11817264129,11170
11818884208,15910
11820424185,15963
11822818560,15961
11824408195,15921
11824996213,15862
11825462390,11008
11825633526,15887
11826819102,16052
11833621520,16009
11835553966,15731
11839959622,16072
11840598759,16048
11841150163,11216
11842839188,15636
11843473540,15824
11844041125,11150
11845762058,15969
11851235763,15992
11856763645,15971
11861006848,15750
11865771806,15802
11871294382,16019
11871658944,16001
11878819683,16000
11881134916,15990
11882819486,15951
11885976462,15794
11886819074,15976
11894819090,16117
11898818241,15833
11900981003,15963
11902818332,15425
11904554400,15722
11904699364,15833
11906071822,11223
11906819021,15635
11910818419,15763
11914822513,15925
11914847246,15814
11918818758,15995
11921294656,15794
11922819587,16055
11924018953,11100
11925592924,15988
11926171063,15835
11930818781,15657
11931429287,16135
11932042937,11186
11932227257,15799
11932484425,11131
11932591695,16139
11932884533,11179
11937604887,15741
11938702612,15790
11941510092,15764
11942775646,15835
11946284019,15741
11957516369,15747
11961637736,15774
11962685404,15793
11962911545,15862
11965845459,15755
11970819536,15732
11974819504,15577
11981768091,15905
11986177031,15778
12001898002,16005
12006624649,15798
12010178232,15872
12017048230,16264
12020723189,15735
12022821960,16004
12025263765,15961
12026229272,16019
12026820631,15752
12030129175,16031
12030821012,15452
12034706094,15759
12034820624,15617
12036690901,11006
12038388112,15954
12038821460,16173
12042098611,15967
12042822633,16146
12046511275,16075
12046821042,16048
12047964114,11189
12050820632,15903
12051303724,15868
12054820805,15977
12058820400,16225
12059413794,15756
12061987575,15814
12062805264,18846
12064257699,16031
12066477917,15753
12066801317,19443
12070819055,15614
12071096413,11081
12074821321,15953
12078819344,15687
12082352151,15792
12087051442,15975
12092628301,15652
12093627114,16145
12093823258,11097
12098805300,32879
12099403369,16002
12102481655,15960
12102886161,16094
12106818765,15731
12110818984,15833
12115599236,15747
12118818963,16012
12121127700,15540
12122369447,15710
12122393851,11290
12122610305,15967
12125752231,15819
12126345559,11197
12126820867,16171
12128074670,11258
12130805278,23366
12130855913,15676
12132076380,11182
12132937698,15739
12134818395,15715
12142740089,15988
12143558246,16296
12146976356,15739
12150818616,15747
12162622067,15674
12164445870,15786
12165634870,11220
12166820483,15892
12170819640,15697
12174819964,15691
12175247938,16267
12176016033,11244
12178819941,15877
12183010516,15770
12187535312,15977
12188428780,15809
12193110405,15888
12203139587,15964
12207302695,15661
12212706529,16100
12218818955,15857
12220842776,15781
12222818861,15959
12224046217,11153
12225380656,15894
12226805263,15627
12226821612,15593
12228901068,16131
12229225529,15772
12230819667,16122
12235712112,15931
12236036622,15877
12236395667,15991
12238295905,11204
12238833331,15848
12240003616,11185
12242819050,15937
12243861759,15940
12245095690,15972
12246818566,15782
12247876301,15824
12248013568,11180
12250820957,15962
12251991654,15886
12252021519,11181
12254819918,15885
12256015016,11212
12258819808,15756
12259115363,15879
12260040523,11192
12262818913,16156
12263220013,15865
12264015000,11164
12266818581,16114
12268005325,16095
12270818575,15955
12274818505,15782
12278818558,15900
12278843199,16031
12280014666,11240
12282819832,15912
12286818826,15957
12286885632,15786
12288014269,11169
12290805271,34616
12290843208,15875
12291222075,11098
12294819676,15984
12303047869,15791
12303576496,16103
12304094537,11172
12308227175,15992
12310545206,15755
12312564595,15767
12316418687,15820
12317254072,15553
12323706157,15875
12325588812,16005
12328357406,15762
12337374588,16032
12339486771,15966
12343836559,15796
12348192897,15896
12348306611,15895
12349685956,15884
12354818648,15576
12356008748,11209
12357399291,15941
12358180378,15992
12359373412,11205
12359615348,15775
12359981885,11110
12362819976,15475
12363853373,15844
12364007539,11116
12366818787,15443
12368568583,16067
12369224296,15971
12370819283,15593
12374819030,15520
12378820159,15930
12380011008,11219
12382819457,15800
12383790556,15886
12384044742,11160
12386818757,15939
12388687126,16212
12389786872,15790
12390819543,15886
12394818493,15889
12399803503,15765
12404130481,15817
12406819451,16128
12408815290,15982
12415963706,15938
12417153088,15938
12418819032,15743
12421141693,15870
12421293682,16001
12422821309,15977
12422932443,11173
12424259703,15786
12428943919,15996
12430274432,15660
12430643499,15797
12436900971,16115
12444390935,15999
12448596615,15930
12454451213,15949
12459492428,15757
12460090915,15806
12462820410,15952
12464526438,15955
12469198818,15956
12470821220,16139
12471966630,11225
12475935017,15911
12478704206,15817
12478819794,16021
12482819892,15557
12484644364,15997
12486820960,15458
12486949351,16063
12488651683,11004
12489886069,16250
12490821937,15674
12491381353,11213
12494820174,15609
12498818486,15550
12500807913,15873
12502820242,15390
12504790689,15790
12506819848,15700
12509456235,15985
12510818144,15940
12513441143,16005
12514690604,15650
12514819508,15771
12518818800,16002
12520418663,15683
12522836646,16031
12524930013,15774
12526819285,15995
12529585087,16002
12545048842,15793
12546805271,35321
12549176136,15908
12562817948,15989
12565182704,16028
12566818228,15802
12567701839,16109
12569846574,15957
12571305321,15931
12574819052,15784
12575732031,16090
12578608413,11133
12578819786,15973
12582819096,15913
12585316389,15715
12586820063,16299
12588015145,11157
12589971943,15905
12590819842,15810
12598820335,16037
12600921745,15757
12602818291,16069
12605444982,15928
12606819809,16160
12608660184,15846
12609548987,16004
12610101423,15911
12610818102,15875
12611331279,11106
12612982520,16258
12614819403,15592
12615425394,16039
12616769706,11184
12618818717,16145
12621444575,15778
12625574280,15667
12626281492,16277
12630234770,16016
12634820901,15750
12641190030,16038
12642820225,15942
12645659355,15763
12646817936,15843
12649800779,15813
12650363021,15975
12661319419,15790
12663256471,16178
12664786406,15790
12665673833,15725
12666547776,16187
12669930331,15755
12670935984,15919
12671157328,11236
12674805211,36167
12676410021,16019
12681446814,15751
12684702739,15890
12690056347,15985
12697037380,15973
12703258223,15380
12703346292,15661
12705996904,15764
12710491332,15951
12713374545,15949
12719975236,15958
12721727061,15875
12722995378,16060
12726162035,15912
12730312878,15999
12737773270,15866
12738805272,15169
12741503497,15885
12744301787,15838
12744526819,16026
12745705391,11257
12746290462,15829
12746689966,11243
12750992106,15995
12751833975,15787
12761963045,15758
12766431813,15775
12766878536,16097
12770627303,16024
12770835353,15831
12774818924,15731
12778819238,15751
12779485876,16057
12782822307,15973
12786561200,15989
12791195594,15739
12794819870,15848
12798877329,15738
12802218132,16013
12803526459,15758
12804039130,11214
12806013624,15829
12806818533,16310
12810820255,16037
12810899766,16012
12812380453,16254
12813342581,15754
12814818750,16175
12817837161,15775
12821801053,16131
12822687355,16081
12826770737,15929
12826826413,15615
12828018117,11085
12830818939,15673
12831435766,16097
12832015945,11257
12834648291,16037
12834818736,15514
12838817911,15406
12838915082,15956
12842822029,15664
12846819246,15785
12846917361,15923
12850821995,15663
12851081334,16077
12854820219,15593
12858818781,15782
12866951827,15715
12871208811,15804
12872947755,16322
12874027784,11225
12875235238,16002
12876948473,16003
12882818419,16158
12887173850,15978
12890820537,15734
12898619039,15802
12902878938,15956
12907301873,15795
12911463659,15760
12923728166,15969
12927289970,16003
12927565193,15910
12928517063,11004
12930820083,15784
12931591695,15794
12933531598,11025
12938840620,15981
12942910648,16203
12945793997,15664
12946041456,15832
12951734934,15927
12951885877,16167
12952955398,11010
12957464763,15886
12957721176,15768
12958604299,11098
12962699430,16129
12962805288,16003
12963164595,16215
12966784288,15970
12971852534,15760
12987717470,15967
12992093446,15979
13000915301,15851
13001138428,16047
13002254564,11238
13003419606,15771
13004435756,16103
13007845060,16203
13012086318,15920
13015656863,15879
13018819087,15918
13021905785,15859
13022819913,15985
13023080969,11217
13023549231,15913
13026211677,16228
13026818522,15768
13027819309,16236
13032298598,15684
13046886155,15755
13047948357,15988
13050820648,15979
13052490444,15892
13058805272,40533
13062819517,16239
13063335441,16103
13064019205,11210
13066663323,15917
13066820090,15463
13069934901,11164
13070805289,21794
13071886968,15966
13072497875,15703
13073119490,11130
13074141901,16195
13075653460,11234
13077417730,15943
13078821859,15698
13083878264,16000
13085444574,15809
13086819631,15986
13088201412,15786
13090007319,16046
13090820663,16002
13091281123,11161
13092625235,15691
13102887540,16001
13107825844,15932
13108379365,15789
13110819955,16001
13112750768,15839
13122241835,15288
13122805259,42049
13125263855,11059
13128508714,15955
13128780021,11282
13133791769,16003
13138473589,15792
13147766181,15800
13148540706,16072
13150819337,16223
13152966257,16044
13154805278,21973
13166262146,16126
13166837188,15884
13167500611,11232
13168711505,15674
13173094797,15942
13174819298,15985
13178819055,15739
13186827707,15767
13188289703,15711
13188838523,15780
13192217707,16088
13193308092,15813
13204847237,16065
13208966200,15696
13213366450,15995
13215013334,16101
13218835704,15804
13219002666,15962
13220049871,11220
13222183413,15848
13225018546,15805
13226818525,16067
13229095840,15904
13230820458,16070
13233491428,15953
13234818277,16008
13236556375,15939
13236839912,15879
13242820582,15912
13246740209,15823
13246805301,14785
13246836927,15975
13249224455,15764
13250819337,16009
13251965262,15829
13253526681,15769
13254819069,15746
13258818306,16003
13262819589,15918
13266818328,16213
13269353255,15680
13270829121,16015
13273754330,15951
13274818636,16074
13274886818,11097
13278805475,15480
13278824204,15689
13278848894,16040
13279115675,11175
13282818161,16253
13286820213,15846
13289480894,15720
13290819667,16263
13293882301,15747
13294818428,16064
13298820435,16216
13305166504,15931
13309609653,15680
13310678455,16370
13310790330,11125
13314011088,15747
13314805263,16046
13315272578,15878
13318423155,15873
13321817619,15753
13322007855,15788
13323142284,11215
13328191170,16011
13329736518,15912
13334041646,16233
13335417186,16016
13335926099,16000
13336010454,15768
13345420464,15958
13345968536,15996
13347056475,15980
13347946690,15786
13349478594,15961
13349826462,16137
13354264802,15783
13354824611,15951
13358821606,15822
13360957612,15991
13362818704,15969
13366157134,15929
13366818894,15740
13369613088,15732
13369994677,15770
13371971060,11152
13374394783,15738
13374819046,16063
13375988272,11094
13378819312,16118
13380015484,11006
13382818685,15681
13385671613,15672
13386636494,16021
13387966254,11007
13390124378,15987
13390818213,15943
13394523310,15762
13398818071,15421
13399342492,16122
13400007454,11189
13410158108,15941
13414537148,16191
13425924261,15962
13426819258,15824
13427730041,15979
13429106808,15982
13430377276,15876
13430605122,11134
13430818877,15658
13432030373,11158
13434821479,15762
13438817814,15816
13441541330,16004
13446053609,15991
13447444252,15997
13450067777,15862
13451282388,16033
13452438033,11111
13454858670,15865
13462281415,15851
13466180260,15809
13470575105,15749
13470824036,16031
13471658043,11114
13474819553,16182
13474864808,15620
13475236058,11212
13479058480,15679
13479257655,15973
13482818395,16065
13486366603,15685
13486658713,15790
13487533967,11218
13490118217,16129
13490704018,15870
13491429016,11198
13494819070,15806
13498819028,16013
13502819026,16257
13506433718,15698
13506805297,39517
13510817984,15820
13514818439,15892
13515189366,16093
13515833959,11244
13522819446,16103
13526561279,16212
13526819331,16046
13530817963,15731
13534819643,15983
13538819115,15610
13540579508,16036
13543326887,15862
13543441104,15791
13544648805,11152
13547740573,15882
13551088240,15961
13552080956,15982
13554817966,15989
13555445793,15730
13566815681,16096
13570209965,16170
13570805266,23807
13571216790,16138
13572581971,15994
13575575023,16020
13575884216,16037
13578776573,11203
13578817741,15475
13578873481,11246
13578893401,15883
13582818763,15809
13586313267,15913
13586691460,15973
13590645330,16002
13590820738,16300
13592043773,11236
13594819557,15916
13598819890,16179
13599278503,16283
13602538977,16124
13602819541,15764
13606821621,15977
13606940957,16059
13608015118,11212
13610819328,15892
13614819707,16394
13618823782,15648
13619728318,15844
13620022534,11185
13622818130,15810
13627097187,16199
13628741337,15930
13629388839,15971
13631552748,15890
13634820653,15770
13635961162,16098
13636020137,11105
13638819743,15842
13640015785,11206
13647227349,15818
13648033982,15801
13650818201,15994
13656090134,15784
13666805290,50875
13668716357,15684
13670820276,16028
13671810285,15783
13676220216,15949
13678130036,15905
13680447600,15833
13680633670,11220
13680702970,15864
13681102159,11189
13682818115,15858
13686819406,15945
13690818552,15822
13691938701,16099
13694819375,16206
13696349276,15995
13697167116,15997
13698820068,16005
13700148483,16247
13703527396,15958
13703685945,16009
13706818634,15643
13707137319,16094
13710819360,15678
13714819931,15918
13715694612,15876
13718820847,15968
13722884697,15766
13723136842,16246
13724158845,11197
13727627641,16215
13729116651,15974
13730819387,16230
13736616195,15981
13739180127,15933
13747755370,15998
13752098704,15926
13756743667,15795
13757615383,15808
13768803845,15772
13772358505,15982
13776873786,15756
13779481092,15958
13785555533,15853
13792485923,15765
13794833774,15998
13795674853,16108
13796042803,11027
13797005334,16204
13803918820,16146
13804085283,15923
13805220726,11220
13811869759,15749
13812624358,16062
13815163519,15766
13817029032,15774
13817182693,15766
13817355819,11124
13818820178,15831
13821791893,15987
13822445793,15973
13825739957,11212
13826805291,37473
13828163747,15679
13829749145,16111
13832756266,15998
13833874716,16202
13834820249,15802
13837306781,16217
13838821806,16286
13840549764,11196
13842818650,15653
13845055589,15799
13846819753,15947
13848656663,16145
13850819013,15460
13852885105,15937
13854819641,15980
13857433871,15766
13858819804,15719
13860406227,15945
13861195041,16050
13861494088,11040
13862817765,15699
13866818958,15839
13870819649,15988
13873012974,15999
13874818129,15748
13876599075,15732
13877933772,15779
13878819596,15966
13879383476,15753
13890818120,15766
13892791041,15902
13894818849,15592
13897686482,16021
13898818972,15960
13900599913,15868
13902054510,16070
13902819430,15898
13908925819,16018
13910819601,16071
13913268325,15993
13914818458,15763
13915403452,16003
13916014542,11128
13917815856,16013
13925177829,15979
13929520799,15977
13930818350,15969
13931863800,16068
13932853583,15880
13933091827,11207
13934819564,15966
13937945700,16010
13938969655,15748
13941369864,16005
13943042870,16080
13948955361,15776
13950409442,16100
13951861739,16178
13952556065,15734
13953464037,15744
13957564561,15939
13963142721,15913
13963283257,15805
13966819889,15661
13973593306,16227
13977035429,15754
13978090673,15957
13979652702,15949
13989959062,15759
13990817845,15964
13993723197,15807
13994818913,16175
13998323889,15959
13998820171,15962
14013851644,15984
14014818182,15799
14015527378,15883
14015748052,16055
14018454561,16165
14018819370,15933
14020598419,16010
14022343082,16013
14026663657,15876
14026818156,15533
14028073714,11061
14029783513,15955
14030033827,16258
14030819351,15851
14033979682,16025
14034821045,15918
14038591172,15904
14038837976,15668
14039821023,11215
14046818036,15823
14049467449,16011
14051823296,15971
14053108549,15846
14053139980,11254
14054738787,15763
14061421717,15865
14067068004,16116
14067103765,16136
14070948724,16017
14071965807,11086
14073048631,15711
14074260965,15759
14074291045,11230
14077572374,16241
14078797886,34808
14078846706,15785
14079911574,15767
14081141684,11158
14082819363,15681
14086451790,16031
14094272717,16154
14094819109,16209
14110432745,16244
14113417930,16112
14114400377,15900
14119538774,15958
14122472556,15533
14122833702,15698
14130045278,16344
14131645102,11302
14132147091,15880
14137943397,15736
14140675218,15806
14142819426,16006
14146415335,15959
14146818682,15910
14148070613,11204
14150826321,15649
14151286524,15797
14154424692,15990
14158345063,16092
14159314579,15798
14162819294,15844
14165580507,15943
14166819895,15874
14167028142,16040
14170819515,15704
14173989446,15992
14174820213,16112
14178820872,15724
14180188312,15991
14180725642,16007
14183224226,15955
14191380105,15747
14192069446,16187
14192362786,15792
14192693694,11142
14193922783,15783
14194818552,16053
14194843246,16373
14199427566,15750
14199567807,15686
14210805298,18264
14212878559,16187
14214050697,15873
14215911786,15816
14220372306,15959
14221019352,15994
14226817859,15884
14230167817,15752
14230332949,16066
14234818231,16075
14235097307,15904
14236319440,15929
14236592827,16083
14242820668,16284
14246818911,15761
14250584022,15982
14250819856,16305
14252016801,11126
14252231407,15856
14252673540,11222
14254820137,15763
14255224426,16146
14258820114,15893
14261456958,15908
14262831166,15746
14266818998,16052
14270818691,16041
14275352387,15762
14278805265,13217
14278832163,15629
14280460778,15763
14283681919,15665
14283907524,16035
14285399328,16132
14290839186,16010
14295480745,15981
14298924324,16204
14300099495,16208
14305876701,15902
14306822613,16151
14307371144,11012
14308939083,15709
14310527362,15991
14310816588,15908
14314675655,15970
14315608959,15991
14316449198,16143
14317323204,11230
14319047081,15981
14321568858,15910
14326822187,16034
14330819169,15762
14335614947,15793
14338186191,15829
14338557672,16101
14348285484,15880
14348396460,15818
14350413056,15743
14350818797,15760
14353589587,11177
14354819669,16243
14358398382,15739
14358821288,16162
14361064290,11228
14361716952,16209
14362819896,16026
14364018310,11004
14366819845,16326
14370822273,15987
14372020770,11194
14373969908,15931
14374819717,16055
14376059290,11242
14378820413,16314
14380012833,11170
14380722673,15991
14382820436,16291
14386821328,16052
14390820438,15978
14391386578,16292
14394818962,16100
14396080961,15957
14398818588,16237
14402835095,16004
14406158382,16014
14409707463,15710
14411513074,16293
14414819376,15949
14416209736,15754
14421449945,15747
14423578815,16211
14426558683,15941
14426818792,15670
14430618184,16117
14430836862,15806
14432315007,11135
14434818141,16158
14440367326,16233
14440974944,16193
14442101884,15993
14442421265,16183
14442818149,15911
14451684948,16051
14456418424,15744
14456652083,16062
14461751293,15788
14471812942,16167
14476547519,16008
14480312506,15833
14480976953,16089
14482456489,11205
14485779760,16040
14485879749,16054
14486818080,15942
14487378649,11005
14490818291,15775
14494819162,15974
14496677191,16025
14496748084,11133
14498818072,15706
14501673837,16059
14502818448,15654
14506015655,15675
14510820986,15955
14514819475,15891
14516455857,15807
14518818682,15649
14520653365,15968
14521481996,15777
14522102130,15908
14522818283,15655
14526820429,15842
14526960144,16307
14530819826,15637
14530844469,15752
14532047274,11109
14535731756,16150
14540621974,16242
14541610520,16054
14542821083,16018
14544953669,15845
14566818099,15818
14567759719,15780
14570677375,15974
14574819127,15741
14575940224,15946
14576694077,15951
14577180091,15794
14579252815,11228
14580330250,15798
14580506389,16246
14581866836,16052
14582818688,16117
14586819954,15727
14586887164,15887
14588329836,15660
14590820252,16002
14594820878,15861
14596069696,15752
14597280292,15934
14598080351,15838
14598818150,15780
14600457507,15968
14601994568,15754
14602821445,15741
14603080482,16089
14603223266,11213
14603824608,15868
14604010728,11141
14606819146,15882
14610820562,15687
14614820825,15687
14616638447,15797
14618820958,15947
14619279430,16254
14620586544,15974
14622122183,16167
14622818879,15895
14626819366,15879
14630764816,15912
14630818571,15754
14632054098,11181
14634818399,16036
14635482938,16106
14638820308,15815
14640854068,15998
14642820094,15877
14646820049,16234
14651038860,16019
14652788560,15981
14658710301,16055
14661936887,16209
14662189626,16003
14663602252,11237
14667866443,15994
14670148211,15881
14670377397,16049
14671570507,11260
14678818450,15687
14681319933,15641
14686818871,15900
14690805281,26230
14690833421,15725
14696655545,15920
14697134151,16036
14698818874,16012
14701089282,16243
14702819981,16024
14704002069,15782
14704089577,15923
14704136519,15964
14705517379,11142
14706818956,16020
14713172272,16173
14716816094,16064
14718041704,16032
14720652134,15976
14722805279,33334
14724525787,15863
14728652030,15933
14731452524,16138
14731571814,16081
14736652592,16019
14741086046,15760
14752363011,15958
14753426537,16231
14754917674,15817
14759523498,15821
14762453484,16199
14763031466,15978
14768942009,15942
14778817905,15992
14780034460,16099
14781703222,16230
14781924617,11252
14782818511,16037
14782933826,11231
14791538705,15948
14793679044,15887
14797190282,15887
14798405079,15797
14799569950,11267
14804304128,16028
14813544391,15977
14816998283,15995
14817325309,15974
14818818651,15420
14822301638,15723
14823363855,16114
14823977387,11196
14824609967,15886
14830820507,15762
14831071279,16229
14834017975,16250
14841628625,15955
14846819246,15902
14850818597,16245
14854069634,15767
14857583769,15945
14858845030,15771
14862004502,16038
14862188362,15807
14864184380,11135
14874200350,16018
14878822032,16031
14882133192,16222
14883651824,15805
14894467619,15943
14897837534,16153
14903779021,15970
14910661230,15924
14917965602,15757
14919545843,16052
14921679875,16166
14923908257,15761
14927884519,16216
14930882040,15965
14931993285,15913
14932023658,11120
14932046323,16133
14933277369,11172
14934817929,15827
14938094544,15997
14939096286,16073
14942511830,16184
14943158938,16076
14943737501,11156
14946805272,17090
14951988829,15638
14957367421,16063
14957831352,15970
14959431874,16022
14975368856,15947
14978805269,33663
14979561433,15740
14982770451,15983
14984234597,16149
14990562200,15671
14990783769,16068
14991970869,11191
15002910490,15800
15004667883,15927
15016962739,15611
15017360935,15791
15018183988,11144
15022820469,15510
15024489092,15827
15030819337,15608
15031362096,16011
15034828325,15603
15038682276,16059
15039942442,15756
15039994181,11077
15041779685,15966
15046443099,16117
15046821758,15960
15048158886,15921
15048855159,16096
15050800898,20551
15054821969,16155
15055280319,16073
15055638646,11147
15056243086,15824
15058827007,15899
15062429275,15930
15062819885,15859
15064008312,11170
15065077348,15491
15065819499,16035
15065977310,11141
15066818534,15622
15073220092,15790
15074805299,26373
15078788510,15893
15082209523,11002
15082429196,15786
15082818506,15793
15086805267,33595
15089450078,15433
15089645327,16058
15090669248,11227
15090831536,16235
15092104136,11120
15094176299,15931
15094820726,16071
15096271985,11097
15098819942,16050
15100273006,15926
15100623851,16017
15101981746,16145
15102757399,15951
15102820415,15946
15104022635,11223
15104811280,16045
15106819295,15736
15110189266,16203
15113225588,15872
15114819814,15726
15118819600,15882
15120035102,11108
15120082905,15846
15121507628,11208
15122708042,16555
15122833876,16020
15124648656,11147
15131140328,15941
15132489556,11090
15132511712,16013
15133788117,11055
15135627228,16333
15137201182,15794
15138182656,11281
15138805264,73906
15140054580,11050
15140483005,16050
15142018095,15996
15143548329,15961
15145123950,15911
15152385867,16041
15155758293,16183
15160614736,16330
15162232757,16140
15166819152,15584
15168052633,15998
15170805279,30357
15174817755,15531
15177295494,15928
15178718005,16056
15180743392,15686
15182820636,15699
15185775908,16001
15186819774,15625
15189993849,15664
15190130957,16037
15196750182,11140
15198819986,15815
15199303392,16059
15200737635,11180
15200872862,16131
15201972087,15993
15202820191,15901
15204008945,11111
15206819352,15714
15207812009,16329
15208009861,11172
15210819440,15845
15212007404,11148
15214820705,15883
15218175328,15945
15218825473,24910
15220056176,11207
15222818372,15915
15226819243,15748
15226923360,11196
15230818401,15571
15231495801,15880
15232025155,11147
15232189720,16018
15234818339,15551
15235596698,15790
15235702276,16082
15237758215,16012
15240080653,11207
15241912041,15829
15245823311,16036
15246820724,16260
15248016887,11229
15249824188,15804
15250561637,16088
15252701012,15851
15254820973,16329
15256031371,11175
15258819036,15946
15262820439,16306
15264017971,11122
15266761349,15997
15266818717,16053
15268015793,11208
15270820259,16182
15272014653,11221
15274819489,15910
15278820280,16330
15280034530,11268
15282805300,12603
15282818935,16217
15282974579,16238
15284016990,11229
15286823108,16077
15287301034,11223
15290818363,16100
15294819273,15980
15298805311,42453
15306887971,16008
15308328325,15706
15310321302,15987
15310954247,16212
15313228296,11061
15314818419,15807
15317903429,15862
15320523885,15965
15323564157,16158
15326818235,15998
15336843947,15959
15337925199,15984
15340200105,15808
15342522440,15760
15348851647,16204
15348971029,15831
15349058743,11101
15350818750,15829
15351360110,15906
15354199316,11138
15354820729,16174
15358818437,15974
15362820481,16019
15364411521,15867
15366821305,16192
15368017779,11131
15370820152,16126
15372016841,11126
15374818108,15677
15377100305,16236
15377944455,15989
15379987768,11092
15382820739,15653
15383142069,11201
15386820228,15583
15388940458,15720
15390819947,16020
15397229832,15985
15397856068,15791
15403036252,16066
15417117668,15818
15417414397,15950
15422819657,15762
15423606048,15952
15424895151,15978
15425919876,15753
15426959435,15857
15431122346,15876
15431162166,15998
15434449065,11230
15434818175,15828
15436549612,15828
15438827435,16093
15439972064,11127
15440785647,15961
15442549991,16263
15442825835,15649
15444015376,11187
15444817576,16105
15446818688,15964
15450881231,16210
15452813324,15884
15457615205,16049
15460914917,16128
15467212317,15758
15477744894,15967
15478824316,15717
15479756306,16263
15480824121,15999
15482437342,15880
15486820717,16038
15488057636,15794
15490805293,51124
15494819510,15886
15498819480,15766
15501132219,16174
15502563813,16110
15506426222,15704
15506613238,16025
15507835348,11233
15510819334,15752
15514818839,15853
15518001828,15996
15518818587,15795
15519231193,11166
15522805268,38912
15525744964,16150
15530819902,16122
15533483874,16158
15538820029,15972
15540670568,15960
15542841907,15993
15546818946,15887
15550819205,15640
15558259930,15804
15567800217,15950
15568936638,16061
15570819251,16049
15574791086,17892
15577740523,15988
15578196916,16285
15580368233,11198
15581596544,16125
15586819770,16017
15590462846,16106
15590820133,16073
15594818629,16043
15598818253,16100
15602818625,16131
15603204454,16022
15606659863,16133
15606820559,15969
15607996736,11186
15610820202,15773
15614818725,16043
15618640844,15748
15618805307,17782
15619393905,16079
15622819386,16030
15623045341,16060
15624046915,11125
15625648144,15713
15626239624,16038
15630820886,15774
15633321721,16256
15638819168,15665
15640020738,11194
15641975904,16179
15642820504,15781
15643222797,16292
15646587052,15926
15650819016,15669
15654819955,15614
15658818368,15765
15662102968,15920
15663587336,16324
15666819116,15581
15669177041,15730
15670819467,15523
15672052265,11112
15674820551,15610
15678828190,16253
15682805296,42310
15683716736,15956
15686820122,16205
15688471783,15743
15694840617,15835
15696263129,15760
15698818152,15521
15702355414,15929
15702819064,15732
15704014147,11317
15704497203,15998
15706818469,15385
15710819506,16056
15714820528,16000
15714901531,16236
15716023701,11095
15718596867,15932
15719799685,16044
15720703011,16040
15722381160,16025
15722639670,15802
15723518754,11102
15723926724,16035
15726835187,15903
15733892635,15955
15734694221,16046
15734819664,15843
15735992484,16183
15739410194,15986
15742819608,15767
15743836242,11180
15744057820,16213
15749334170,16088
15752624630,16185
15759547341,16150
15762734244,15887
15763992320,15884
15764221777,16111
15765331615,11191
15766817881,15791
15768977914,15991
15770832173,16031
15778819627,16027
15779679304,16268
15782862978,15863
15784036454,15790
15784275588,16168
15789830608,16029
15794882912,15754
15797701109,16126
15799107978,15704
15800208376,11146
15800768148,15755
15802821176,15862
15804009572,11102
15804671640,15808
15806819832,15840
15810805292,37129
15814818263,15743
15817426294,15760
15818776800,15940
15818819340,15451
15820018748,11240
15822001451,16034
15822819566,15567
15823459845,16118
15824037683,11079
15826818301,15542
15828533776,15681
15828750931,16163
15830805300,13340
15830819902,15691
15832010737,11248
15832394002,16093
15834170395,15932
15834817944,15489
15838820277,15516
15839445690,16254
15842820078,15630
15842846063,15819
15844057557,11260
15844656825,15961
15849441042,15926
15865497543,15964
15870666852,15975
15870800396,13736
15870820095,15479
15874820953,16176
15878821443,16267
15882827405,16049
15883400932,15731
15883642108,15624
15884046348,11190
15884920347,15970
15886819486,15620
15889698114,15975
15897393550,15712
15903530417,16002
15906805264,16267
15906893919,15875
15910670299,16019
15918969555,15972
15929955556,16039
15942846014,15777
15943289114,15980
15944487292,11121
15945301105,16015
15950500230,15872
15952115912,15702
15956352147,16085
15957959332,15971
15958820136,15689
15961658474,15980
15962330556,16042
15967147891,16148
15970212047,15946
15978819283,15999
15984513309,15973
15985556864,16233
15986819289,16094
15990817838,16087
15994042079,15706
15994818979,16151
16002805273,25959
16002841885,15951
16004774820,16063
16005685323,15784
16006818213,15816
16007879251,15838
16010468149,15776
16011471988,16065
16014888725,15982
16017610099,15880
16023883613,15735
16024247285,15961
16026427127,15980
16028808259,16143
16030820010,16271
16032014356,11217
16032686124,15683
16034819880,16003
16035977769,11238
16038818356,16178
16042819962,15690
16044764253,15746
16045941425,16228
16046296504,16076
16046818840,16088
16047167755,11199
16050819598,15984
16052121968,15886
16055482020,16006
16058830638,16243
16066819051,16205
16067491983,15832
16076556067,11215
16078818113,15748
16080039541,11012
16081512754,15931
16084622172,15782
16084968836,16002
16086819075,16193
16091168125,15983
16094805303,18626
16096122587,16076
16106889754,16035
16108533798,16026
16111038391,16227
16122818081,15984
16122989764,15642
16123561432,15501
16126072726,11052
16126408217,16276
16127635950,11259
16130819406,16072
16132244358,15895
16134314886,15806
16134899017,15821
16139755096,16023
16141895293,15996
16143691149,15747
16144984944,16004
16146198372,11277
16148786843,16081
16155113607,15933
16155964251,16180
16155989164,11294
16156953994,16056
16162819428,15878
16166091536,16084
16166836130,15783
16169764568,16042
16172164104,15854
16174362064,15937
16174820606,16023
16178818622,16236
16182818664,15880
16185225261,16169
16186831767,15439
16189039136,15873
16190608092,15928
16191432348,16051
16192310227,15929
16193449905,11177
16193673437,16033
16194805298,17962
16206015278,16031
16206884287,15955
16211561349,15865
16212641891,16252
16212791111,11140
16212810918,15810
16213851688,11172
16219452929,15952
16220833991,15910
16222402132,15789
16224830299,15835
16226805259,25340
16227011118,15768
16230819496,15733
16232258919,15948
16232818692,16228
16232915000,11157
16234819278,15512
16236935982,16005
16238583186,15967
16238820843,15618
16242530064,15680
16242820641,15897
16244007624,11122
16245224405,15879
16246820506,15820
16248008188,11131
16249381062,15835
16250820215,15396
16251814628,16255
16254820227,15566
16256009196,11008
16258820233,15983
16259982246,16236
16260029250,14839
16262820238,16216
16266819351,15904
16267217359,16341
16267979860,11245
16269504976,16218
16270818494,15690
16271946012,15909
16272007478,11122
16274824605,15737
16276011801,11219
16278822238,15715
16278846796,15982
16279988446,11162
16282805277,11600
16282820236,15826
16282844811,15738
16284036320,11234
16285236620,15934
16286734636,16184
16290819371,15656
16292677015,16009
16301886453,16060
16306882680,16186
16307472058,15970
16309427257,16031
16310783628,16051
16311090622,15877
16312200444,15788
16322820652,16016
16334207398,15664
16338127314,15725
16340923443,15727
16341156835,15764
16346110315,15962
16347513601,15910
16347727817,16044
16348845140,11185
16349143479,15815
16349966349,16081
16350819598,15803
16352098460,16120
16354303065,11112
16354818420,16028
16358818747,16246
16362820264,16336
16366339219,16099
16366820025,16040
16368793592,11088
16370093390,16080
16374820613,15548
16377857147,15684
16377964472,15498
16382819307,15794
16383356233,15903
16383998627,11225
16386391513,15939
16386818319,15905
16387977361,11101
16390818792,15924
16394819254,16023
16398818709,15428
16402819016,15700
16415015036,15762
16423612892,15798
16424743539,15908
16426818237,16009
16426902832,16099
16428268176,15739
16430621555,16077
16431212228,16230
16432908812,16053
16434430245,11027
16434819962,15818
16438818332,15992
16442679658,15957
16442818834,15906
16445708389,15975
16446818080,15799
16448396947,16252
16450819085,15970
16463553187,16018
16464477451,16031
16464911866,11189
16466820193,16072
16468527812,15785
16469518179,16011
16470818509,15602
16479748530,15955
16480510207,15926
16481374171,15987
16483936425,15800
16483968570,11056
16486091494,15971
16486394489,16015
16487023793,15870
16490821462,15796
16495943662,15781
16504110203,15862
16506819711,15895
16510944308,15750
16512135321,15945
16513419008,15929
16514833354,15955
16519997886,15784
16522819540,16051
16527279941,15941
16530823116,15669
16533548554,15742
16534818990,15575
16538818736,15407
16544182836,15856
16544472618,15879
16544779031,11199
16545885160,16185
16546139104,16189
16546805345,21905
16550820031,16395
16554818873,16285
16558833325,15777
16560677757,15783
16570836611,15953
16574818964,16033
16575873525,15977
16578206618,15660
16578769882,16025
16580512072,11249
16582820951,15813
16586820327,16212
16587977821,11201
16590821009,16087
16592837792,16066
16593929320,15767
16594820188,15658
16596008867,11177
16598819598,15620
16599426003,16056
16600748011,11001
16602820422,15834
16604015820,11133
16604287671,15857
16604704903,16339
16606819706,15782
16609407091,16046
16609930617,15992
16610819843,15713
16614057546,15775
16614818370,15324
16618819812,15887
16620009468,11165
16622819730,15766
16624834827,15762
16625169931,16110
16626818636,16167
16630818569,15906
16633560974,15892
16634818777,16038
16635409500,11021
16638819619,15904
16642805303,14128
16642833793,16021
16646818431,15898
16646966380,15917
16650819642,15975
16650912995,15964
16655511067,16027
16656753959,15922
16657316322,16069
16658820671,15411
16664633021,16101
16667980772,15753
16670352420,15944
16673022566,15630
16674439480,15744
16674805292,24335
16675133522,15916
16686170659,16006
16688926319,15988
16690818718,16043
16695286876,15968
16698880189,15776
16702820935,16083
16704860986,16136
16704953511,16086
16706821149,16109
16710820936,15931
16714693214,16010
16714820983,15975
16715699509,11182
16720954440,15788
16721041241,16147
16722205728,11113
16722820379,15663
16725409703,15770
16730305887,15856
16734826151,15714
16738744549,15858
16738805300,18196
16738903547,16263
16738934660,11203
16742819296,15392
16746821170,15699
16750821011,15703
16752888396,16177
16754957737,15972
16755807315,16082
16766584209,15912
16770420338,16040
16770805281,11237
16770872390,16159
16771647437,11183
16772158934,16112
16774819627,15837
16775086987,16039
16776014527,11107
16778819019,15820
16782819016,15901
16783585428,16015
16785786685,15723
16786430632,15769
16787026661,11123
16788740953,16090
16790550198,15693
16791723953,15973
16805156691,15684
16805774113,16272
16806605498,11002
16806839976,15980
16807138826,11186
16810819136,15975
16814818219,15765
16817848631,16016
16818843881,16007
16822818915,15791
16826041918,15994
16828994235,15926
16830820019,15975
16833628510,15804
16833781416,15892
16834819326,15869
16836559675,15788
16841938513,15808
16842818666,15812
16843434033,11166
16849689871,15956
16850676154,15758
16850787079,15824
16852076778,11132
16852665947,15776
16856093865,16042
16866821566,15620
16867045081,16049
16867521863,11004
16882826360,15760
16883241378,15959
16886688246,15804
16888747093,15878
16889106437,16055
16893224672,11199
16894819358,16279
16898822166,16286
16902819373,15884
16903981296,11249
16906820727,16187
16910417785,362718
16914819658,15632
16916057425,11221
16918819591,15416
16920676570,15940
16921282239,16372
16922568822,11200
16922819073,15778
16926820392,15990
16929573325,15800
16930819800,16039
16932028707,11175
16932397122,16139
16932492929,11230
16933136748,15753
16934818303,15761
16936821268,15781
16938818887,16138
16939356222,16084
16940013960,11159
16942820286,16189
16942887392,15901
16946739749,15768
16946821017,15485
16950819116,15920
16953262877,15776
16956380652,16002
16957170919,15768
16958089794,16019
16967286142,15770
16971514047,15691
16974877849,15987
16980237464,15906
16982819264,15798
16986819153,15850
16996431766,16172
17010078493,16051
17012625063,15732
17013640232,15991
17015722204,15813
17016587291,16141
17016861917,11109
17026819270,15754
17030818006,15657
17033921149,15951
17034818587,16201
17035699531,11012
17036714845,15935
17045017801,15858
17047022636,15768
17048645730,15949
17048864557,16031
17049947241,11004
17050884201,15789
17053893085,15772
17054820589,16205
17056678759,15873
17061210907,15930
17066779374,15746
17067753056,16263
17075984568,11219
17077406335,16088
17078818917,15931
17080011264,11225
17080753207,16025
17081280669,16053
17086818161,15575
17087209252,16088
17090820382,15666
17094141171,15740
17094822605,15777
17095996739,11163
17097044428,16124
17098819008,15943
17102805284,39241
17106823525,15671
17109821471,16121
17110805292,13315
17110821487,15891
17110846221,15737
17114820272,15726
17115977654,11123
17118821379,15662
17120011436,11186
17122818665,15597
17123204296,15493
17126014861,15916
17126805296,13528
17128051183,11212
17130687495,15877
17131964585,11284
17133273821,16227
17133750436,11122
17137282624,16033
17138016176,15979
17138510400,11004
17142208531,16156
17147250873,15970
17150815136,16111
17154820858,15771
17157412688,15989
17158243847,16240
17170941399,15952
17172779679,15904
17174583995,15777
17174618392,15795
17176899928,16047
17178819325,15961
17182819744,15712
17183552727,16061
17186819843,15895
17186844581,16041
17188086111,11216
17190738334,15967
17192453624,15775
17193804972,16100
17194728348,15777
17194821425,15676
17195034003,11230
17198820033,15578
17202819432,15683
17206818840,15645
17208076493,15794
17210820061,15626
17214820048,15648
17214844702,15831
17218818967,15515
17221215070,15750
17222818354,15820
17226817977,15456
17231237903,16204
17232384277,15864
17232778449,15991
17234112768,15855
17234820764,15471
17236017480,11153
17237601768,15736
17238976241,15798
17239138023,15967
17242820719,15673
17246818829,15771
17247500495,15909
17248009437,11178
17248275830,15746
17250819473,16096
17250990414,16138
17254819284,16141
17255508449,16111
17256015504,11226
17258818919,16042
17259208857,11007
17262818199,15942
17266819401,16032
17271702650,16233
17273978891,15770
17274819087,16109
17275211669,15974
17276013578,11259
17278820012,15932
17282819163,16111
17286819093,16117
17287896460,15874
17288013904,11166
17290819340,16121
17295339422,16078
17298819495,15961
17304089964,15713
17305462856,16140
17305651224,15819
17309749173,15930
17310911615,16063
17311152589,11173
17311228747,16097
17311373101,11101
17311596502,15849
17315468380,15903
17318361797,16193
17321398237,15973
17322860446,15709
17331724557,15787
17336216994,15789
17338491064,15727
17348855737,16013
17349536596,16102
17349653509,15805
17351853557,16148
17352667084,15747
17353286393,16054
17358818889,15886
17362820592,16280
17364015332,11076
17366819504,15837
17368111082,15728
17370112779,15977
17370177912,11016
17370262285,16004
17374819430,15772
17376024234,11324
17376530166,15793
17378692683,15904
17382819163,15713
17386820423,15822
17389063886,15746
17390819756,15855
17394819855,16070
17398834262,15809
17417486338,15908
17418962350,15782
17426822536,15923
17427880326,16159
17430819717,15584
17431585866,16068
17432021940,11152
17432312175,15793
17434499585,16104
17438120786,15682
17439089488,16072
17439965443,11146
17442824562,15818
17446819444,15803
17447969652,15841
17450818761,16252
17459218616,15742
17474819819,16007
17482194036,15849
17485660912,16029
17487539344,16128
17488005624,11235
17489690471,16002
17490818165,15681
17493366260,16097
17494649558,16205
17497273904,15979
17498819574,15832
17500299421,15763
17502881923,15691
17506805250,43698
17510497175,16077
17513470055,15743
17514818221,15882
17518821133,15935
17522818897,15939
17526819248,15671
17530818958,15718
17547010793,16186
17558824112,15449
17562039288,15885
17564267907,15722
17564464174,15773
17565593171,11182
17571103278,16020
17571516545,16032
17574872908,16029
17577072283,15732
17578248158,15764
17578817781,15879
17579440510,15995
17579558490,11071
17579683369,16106
17581705309,11007
17582821059,16210
17586819380,16019
17589139048,15873
17590275413,15780
17591503154,16054
17591979960,11252
17594444119,15966
17594820721,16164
17598819802,16029
17602805294,33768
17606885220,15747
17610818415,15839
17614818817,16071
17618888835,15911
17621942657,15890
17626526490,15955
17628122063,15683
17628339859,15998
17629459932,11203
17630818306,15590
17634819827,15532
17634848883,15559
17639407542,15714
17640352687,15777
17642818168,15940
17650818572,15708
17653695068,15996
17657280149,15882
17665692680,16227
17667748189,15824
17670817838,15653
17675754673,16246
17686820232,15563
17688758814,15993
17693947463,15921
17695885677,16186
17697680612,15980
17700732047,15942
17702817861,15738
17705294009,15895
17705350433,16034
17706755959,11348
17710819032,16175
17714799168,18932
17720861384,15702
17721231817,16058
17722125107,15909
17722818194,15990
17736102134,16114
17738892263,15773
17739506962,15810
17740988775,15744
17751192386,15567
17753147678,15925
17754327177,15789
17756117247,15776
17757277315,15808
17762895300,15729
17769247523,16026
17771917968,15810
17774818904,15877
17777923192,15876
17779542702,15944
17781242170,16015
17782298690,16066
17782818183,15713
17786820505,16191
17788457626,15755
17805547128,16033
17814704868,15892
17816610490,15984
17821497438,15859
17822308857,15942
17823448108,16029
17826805288,18010
17826944923,15971
17831574884,16044
17834820818,15998
17834845553,16049
17837028672,15771
17838254002,16029
17838817972,15727
17839288690,15803
17842819376,15867
17846795184,18612
17846844259,15761
17847977953,11195
17849825048,15979
17850819208,15924
17851824802,16000
17854819694,15937
17857805835,15724
17858382731,15877
17862818009,15791
17881875639,15709
17885401984,15696
17885570289,15872
17890805276,36083
17890897260,16045
17892057466,11198
17897430834,15948
17897774085,15760
17902003266,15989
17906818359,15951
17911282900,15795
17914833199,16016
17917952340,15784
17918727445,15874
17922490767,15749
17922852231,16013
17923719473,11205
17926819859,15835
17931835899,15796
17935439851,15794
17939360927,15967
17943434387,16206
17943501911,15724
17944358589,15949
17944724391,11156
17945924276,16280
17950334108,15811
17952347889,15671
17957488660,15671
17958088536,15780
17958716421,11186
17962944755,15957
17967420054,16048
17972476236,15778
17974882848,15997
17978819912,15968
17982716537,15745
17987220710,15816
17990820646,15893
17995822581,16013
17998821587,16237
18008917296,16106
18010843696,15280
18012729132,15939
18013949535,16015
18013974113,11161
18013994405,16055
18015114322,11002
18015952885,16041
18018182924,15970
18018821318,15507
18022761634,16239
18026818166,15838
18030818024,15891
18034821986,16180
18038818308,15781
18039076515,16340
18042820660,15834
18046818703,15951
18047533807,16071
18050819205,15659
18051986522,11116
18052325035,15656
18052980445,16104
18054819501,15958
18056955390,15995
18058370218,15788
18058818300,15803
18059290178,11167
18059357197,16336
18062820224,15935
18067970883,15870
18068006471,15970
18071234300,15979
18078820200,15544
18079485445,16098
18080713661,11003
18082823567,15498
18089698677,15776
18094196559,15779
18094819585,15981
18096413765,15730
18098819807,15850
18103125617,15805
18110805476,18612
18114820351,15804
18122818058,15856
18123256241,15907
18126818430,15598
18128016294,11074
18130817632,16220
18132013650,11148
18134528568,16164
18135666586,11088
18142663854,15794
18143384179,16109
18143909699,11039
18144658527,16049
18146828208,15643
18149606397,16000
18150818754,15849
18150910042,11295
18152248340,16339
18153556417,16055
18155196700,15818
18155419451,16096
18156659857,11061
18158699961,15926
18159908326,16082
18160852714,15872
18166819419,15790
18167807906,16115
18170818922,15794
18172033008,11013
18172740114,16042
18173686449,16016
18174787942,15859
18174820558,16239
18174913657,11109
18177043598,16029
18178818999,16111
18180072180,11030
18182818229,15789
18183588989,16128
18186819666,16330
18188015440,11012
18190620864,16069
18190819283,15800
18191980876,11256
18192580795,15733
18193673485,16326
18193816555,11115
18193933335,15822
18194034898,11120
18198953693,15942
18209429215,15957
18210805265,17655
18217125961,15790
18218897681,15774
18220210058,16007
18221365314,16047
18223844866,15782
18227799379,15819
18230818932,15940
18232908228,15735
18234818352,15801
18235342650,15703
18238819713,15726
18239149069,16044
18241810725,15877
18242821077,15963
18244034887,11095
18246483929,16007
18246818103,16230
18250818642,16094
18251985282,11154
18254095388,15790
18254818871,16098
18255508428,15854
18256021765,11159
18257382754,15950
18258006499,15751
18258820398,15933
18258977650,15870
18260016092,11142
18262818422,16058
18264054177,15800
18266819224,15585
18269813790,15609
18270051909,15987
18274819743,15952
18278819789,15930
18278844434,15900
18279984684,11206
18282805231,12667
18282834706,15762
18286819681,16095
18290396334,15968
18294341926,15944
18295089275,16294
18295665825,11178
18306818130,15752
18309838422,16196
18311039884,15900
18311365638,16114
18318818401,15732
18319539464,16206
18323212473,15803
18334095959,15831
18334314276,15810
18338472485,15808
18340305385,15800
18345265319,15661
18349474541,15895
18350084354,16063
18354248413,15941
18354517838,16242
18356711643,11208
18358819875,16060
18360031062,11233
18362819788,15984
18366819600,15780
18369810125,15826
18370820714,16007
18374820159,16125
18378583927,16018
18378822354,15686
18382820332,15715
18384009993,11227
18386829440,15590
18390432743,15903
18390822304,15679
18392010950,11152
18394822219,15697
18396025947,11094
18398178349,16023
18399978931,11111
18402820708,15599
18404946135,15887
18406821039,15881
18409276722,16018
18414994481,15986
18418356707,15795
18418885130,15804
18419999613,16034
18423549802,15825
18426975467,15847
18430884402,15967
18431835936,16061
18434820737,15816
18438488859,15875
18438821430,16010
18440565716,15949
18442952729,16379
18445190534,15776
18446818315,15758
18450537831,15971
18452072178,15823
18455792442,16057
18458618955,15783
18462385801,15584
18462614480,16086
18463853120,11007
18473562848,15968
18477371465,16264
18483516938,15612
18484654375,15837
18486056096,11009
18486819310,15817
18490818444,15897
18494820004,15516
18498890975,15709
18500604240,15770
18519022609,16158
18520651899,15918
18522822058,15575
18526817992,15751
18530833236,15965
18540825750,15775
18544966356,16056
18551114335,16352
18551340113,15457
18552605499,11086
18552731230,16000
18559879868,15980
18560760693,16051
18565900361,16185
18574834415,15798
18578817910,15862
18580032507,15814
18580751020,16038
18583158829,11183
18586030849,15958
18586819671,16004
18587260342,11189
18590818236,15514
18591571293,15799
18592889995,11149
18594819906,15681
18598818851,15468
18599531566,16078
18602819237,15479
18604615928,15950
18606820261,15660
18610819543,15504
18614818888,15597
18618818248,15512
18622805298,11165
18622819130,15523
18626819036,15609
18630823599,15745
18634818288,16001
18639788309,15945
18641202760,16048
18642818351,15943
18646356828,15665
18650775777,15863
18650842058,15517
18658818966,15992
18660162813,15797
18661331597,15849
18662189556,15985
18666487048,16166
18667757798,15785
18670879136,15954
18678819959,15807
18679418878,16219
18680015232,11105
18682821063,15590
18686820007,15843
18690805259,33566
18694819708,16142
18705742611,15686
18706741430,16108
18707057573,11175
18714817957,15733
18716218104,16191
18718817796,15482
18720226321,15850
18720290426,16212
18721695310,11090
18722805281,14147
18723881431,15762
18724651740,16072
18727110153,15936
18732653030,15988
18736489279,15828
18736654215,16089
18741251569,15983
18747011295,16010
18760450075,15755
18760575416,16011
18761747253,11256
18774877202,15985
18776062351,15796
18780254344,15953
18782818080,15627
18786820457,15695
18786955488,15801
18791848615,15749
18795195415,16053
18806063046,15667
18807389937,16000
18808042605,15991
18818019851,15734
18818892637,15981
18822307585,15636
18824235471,15983
18827523699,16000
18834821214,16186
18839141673,15928
18839479138,15751
18847652815,15778
18850805263,41658
18858121549,16073
18858817882,15691
18861151230,15944
18862560891,15760
18882688779,15959
18888957257,16182
18891636128,16128
18895097895,15820
18898367000,16185
18902818092,15765
18906157714,16026
18906819287,15588
18911605992,15656
18914820135,15852
18918818197,15910
18921530704,15718
18922819652,15742
18924241811,15743
18926820127,16220
18928094229,16249
18930818579,16093
18938393227,16200
18939609000,16014
18941768827,15957
18942877544,16067
18942902183,11154
18943670917,15997
18944120647,11170
18946819469,16261
18950818321,16057
18952454785,16013
18954819540,16025
18956814294,15834
18961784400,15938
18963101802,15785
18965825680,15797
18967558527,15773
18968406254,15879
18970517993,15829
18974842370,15994
18977106941,15667
18977330419,15933
18978819743,15737
18982286388,15956
18982818376,16246
18983137942,11108
18986820075,16153
18988534909,16016
19002311995,16004
19016305775,15999
19017958966,16226
19018304379,15789
19022817952,15982
19025363006,15986
19026820132,15818
19028790110,16004
19030818921,16070
19034649149,15684
19038087618,15730
19038831126,15632
19042290454,15772
19042805282,38766
19046819511,15537
19050840516,15620
19058212410,15966
19058805289,14110
19062421087,15787
19062819541,15938
19067033762,15768
19068021891,15740
19068272536,15831
19078775678,16032
19082438169,15884
19082821229,15427
19086817797,15694
19090818290,16025
19098040397,16251
19102673470,15965
19103676946,15879
19104797340,15826
19105963858,11159
19106818673,15730
19114820066,16032
19116796937,15891
19118805260,35006
19120453814,16067
19122824902,16003
19123689436,15850
19126039170,16178
19129363066,15899
19131963125,11005
19133275514,16050
19133627349,16054
19136543818,15805
19138710839,15740
19138818743,15852
19139991731,11146
19142283034,15735
19143897306,16147
19147821076,15948
19149491568,15984
19158493687,15619
19162161211,16084
19173898366,15836
19174835359,16017
19178820066,15839
19182818655,16213
19190752144,16007
19190818370,15912
19192012790,11118
19192414343,15967
19192664399,16345
19194058531,15831
19202820464,15981
19204198250,16207
19206818814,15883
19224337548,16051
19226822961,15599
19228746539,15626
19229998510,15824
19230820802,15644
19232589006,15663
19232742827,15973
19234820930,15983
19236521219,15692
19238819823,16122
19240152701,15757
19240650828,15837
19244469605,16078
19246820438,16004
19250820212,15914
19251686586,16149
19253533607,15803
19254818977,15785
19258822439,16331
19261876384,15993
19262820345,15689
19263554082,15860
19264600673,16218
19266820853,15985
19270819505,15899
19274819709,15782
19278819498,15998
19282805220,12089
19282820361,15670
19283681495,16103
19284027847,11288
19284733400,15814
19286820166,15625
19290640534,16034
19292619609,15758
19299469761,15915
19302905146,15696
19304915397,15802
19305034745,11100
19307755940,16108
19310494861,15731
19311166520,15965
19312428268,11190
19319323173,15700
19323938742,16075
19324926644,16116
19325041707,15810
19325844986,16014
19327621413,11105
19336625234,15988
19336754980,15774
19340904016,11004
19342003009,16120
19342819414,15762
19344071653,16233
19345173815,15769
19345301384,11147
19346818147,15508
19350347215,11196
19350756768,15982
19350819861,15723
19352036463,11252
19353563586,15876
19353693676,15911
19358818869,15945
19360014465,11090
19361338886,15664
19362820489,16111
19366820176,15892
19368057012,15708
19370820024,15980
19374331554,15849
19374820222,16022
19378819186,16269
19380023988,11220
19382819738,16093
19384018733,11100
19385407400,16231
19386820616,15811
19387966138,11257
19390105703,15972
19390821084,15991
19391997080,11204
19394825470,16404
19396014429,11107
19398821292,16242
19400024663,11222
19400061101,15996
19402818988,16208
19403993380,11129
19404416216,15694
19406798278,21849
19406823002,16390
19410819457,16253
19414805273,20455
19414833017,15977
19416041481,11149
19418819952,15890
19420192031,15931
19422774585,15518
19422846618,16014
19424629429,15717
19425115396,16025
19426818036,28945
19427812954,15641
19429283927,15920
19430818277,15567
19432079917,15641
19434819625,16061
19436022083,11147
19436671247,15868
19439225147,15985
19439966766,11222
19440322588,16245
19442818847,16266
19442843636,15962
19444021124,11243
19445671486,16070
19446820623,16274
19446900095,11135
19450835945,15789
19451409520,15829
19452090162,11078
19454266581,15857
19454310478,15950
19455932505,11015
19458818930,15796
19462819474,15784
19463953210,11163
19464796854,15688
19465285336,16292
19470550693,15679
19470819100,16234
19472053523,11026
19474264439,15648
19474818032,16091
19476028035,11019
19478820225,15985
19480016478,11180
19482819314,15946
19484075531,11119
19484998104,16045
19490818055,15995
19492036482,11151
19493588859,16043
19494814918,15998
19498819346,16081
19500030562,11156
19500674927,15685
19502820537,15841
19506222323,11217
19506818731,15999
19509429510,11082
19509455540,15794
19509494003,15847
19513014853,11108
19513492205,11028
19514821534,16088
19518820748,16217
19520026875,11230
19520833696,15772
19522805281,63512
19525300548,15939
19526114834,16143
19526318700,11237
19526819123,15464
19527985191,11224
19530820042,15747
19532033581,11190
19534819688,15782
19538819669,15886
19540012648,11199
19542820616,15915
19544367577,15771
19544762026,16082
19545219243,15899
19546187377,11218
19546242184,16315
19546830357,15625
19550820010,15481
19552030736,11166
19554821733,15922
19558819419,15715
19562818708,15683
19562891199,16110
19564001184,11064
19565347290,15970
19566818495,15560
19570818853,15456
19572133146,15743
19574818647,15653
19576008257,11299
19578818163,15523
19579358054,16119
19580011692,11185
19580493733,16029
19586336269,16009
19586821654,15992
19587983133,11241
19590820924,15789
19592010099,11154
19593618324,15763
19594819345,15780
19598821341,15996
19601343321,15750
19602818147,15450
19604010082,11172
19606462587,15990
19606818825,15508
19610820450,15749
19611740780,16287
19612008500,11227
19614820863,15583
19618821624,16314
19622819325,15865
19624228790,15972
19626819766,15622
19628005606,11266
19629734866,15773
19630820665,15974
19631996082,11018
19633425632,15802
19634822934,16356
19637136254,15786
19638818785,16101
19640016724,11127
19642476385,15773
19642500803,15980
19643980999,11180
19645804522,15816
19646716720,15922
19646899433,16114
19652640600,15798
19662820378,15965
19663223897,15805
19665268013,15712
19665816705,15994
19666647360,11198
19666843583,15941
19672770979,15970
19676005614,15857
19682016583,15809
19683710954,15980
19685054050,13064
19686022749,15829
19686975158,16062
19688029288,13051
19692902617,16011
19694822992,15821
19697938644,15968
19701991518,16039
19706081010,16024
19706168719,16233
19708518355,13129
19710838786,15763
19713037646,15990
19714410449,16003
19717060636,16006
19718819528,15930
19721248147,16134
19721701860,15972
19723370701,12741
19726291941,16014
19727417752,16143
19727524609,13214
19730639170,15955
19733170835,15841
19737471511,16165
19742255865,15937
19744817652,13082
19746805282,49970
19747261840,16050
19748496216,13166
19750921083,16213
19752195702,12919
19752217309,15849
19753659150,13067
19753680912,16093
19753759579,13039
19757786693,16168
19762387694,16022
19766555480,15993
19767683837,16151
19767791183,13202
19769520029,15978
19771980054,15754
19773393666,16042
19775245029,16173
19778819661,15706
19779286691,15901
19780638770,13054
19782522267,15866
19786691299,15974
19786821900,15764
19788043004,13118
19790819633,15747
19793528452,15989
19795524305,15946
19804841858,15753
19806478091,16026
19807617990,16183
19807739349,11262
19807952497,15834
19811763715,15909
19813142973,16246
19818836876,15775
19822820684,16336
19825783642,16286
19826953530,15899
19829943197,15774
19834819819,16011
19837241582,15971
19838486602,15811
19838510969,11162
19838819640,15643
19840000786,11181
19842820589,15807
19844022977,11201
19846820885,16336
19848029345,11181
19850819708,15987
19852013570,11084
19854819145,15990
19856016389,11218
19858819114,15927
19860013274,11212
19862820734,15832
19863053724,16128
19866820698,16205
19868290970,16364
19870820970,15571
19870845480,15678
19872036157,11191
19874805256,16514
19886821708,15990
19888053204,16062
19893898913,15986
19894830366,15769
19896614542,15735
19907366227,15992
19908183185,15839
19910843592,15789
19922844594,15759
19926819094,15837
19927494400,15815
19928310027,16045
19930820371,15846
19934334820,15942
19938818874,15555
19939736044,15882
19940025268,11237
19940256791,15789
19943798797,15986
19948439550,15872
19950879406,15766
19952663962,15995
19954819006,15782
19958817939,15905
19959806356,16069
19959976462,11208
19962820450,16198
19963689169,16007
19966818921,16045
19967694428,16152
19968012845,11232
19970818776,16035
19970882684,15808
19972015746,11237
19974594487,16184
19974821003,16295
19975370930,11169
19976642497,15742
19978818519,16207
19982836057,15669
19986819310,15999
19987830112,15965
19988690563,16202
19990819603,16179
19994155810,15698
20003947423,15847
20008817308,16246
20014804581,18480
20015244209,15821
20023700952,15658
20024069974,15907
20026819647,16020
20028945142,16020
20030573564,15749
20031293176,15959
20032223193,16262
20034818469,15746
20034842954,15973
20036047416,11207
20037317528,15929
20037627148,15948
20042820699,16331
20044230669,15689
20046820289,16014
20049071981,16049
20050819541,15968
20052600520,15989
20052896166,15777
20053765477,11237
20054883548,15961
20062819154,15621
20064360040,15923
20066469200,15755
20068277967,15875
20068392235,15809
20074234388,11191
20078704280,16182
20078818464,15910
20082820063,15574
20084422402,15801
20085817272,15982
20086821565,15910
20089327714,16053
20090821396,16521
20094820210,16287
20098820460,15797
20102821177,16199
20104721711,16264
20106820227,15796
20109459577,16213
20110819494,15821
20114821185,16207
20118819737,16211
20122819605,16034
20123950294,15948
20126282663,16030
20126805259,27115
20128712250,15838
20133153393,15840
20133446342,15816
20134690598,11063
20135425416,16133
20135706238,11240
20137723540,16081
20138818892,15909
20139854363,11292
20140989639,16091
20142817810,16188
20146300006,11361
20146818571,15657
20148018263,11242
20148317134,15967
20156021206,11054
20158821025,15556
20160029398,11222
20162805282,39860
20164653055,15991
20166823914,15643
20169421505,15747
20170819019,15643
20174821278,15627
20176045244,11005
20178805293,12630
20178820255,15605
20180027048,11239
20182819970,15742
20184009159,11235
20184241798,15967
20184949550,15971
20186819784,15777
20189930122,15877
20190818642,15648
20192016673,11121
20193011116,16073
20194819061,15810
20196023132,11080
20198055843,15806
20198162573,15990
20200436994,11155
20202821690,15894
20205078971,15811
20206818991,15689
20209496919,15911
20210269593,15865
20210443011,11245
20210819597,15495
20214818183,15502
20218839884,15619
20226779746,15810
20226805283,25663
20226900442,15793
20227677962,11228
20230183929,16236
20231007305,15915
20231503252,15851
20231972650,11224
20234819735,16232
20237914874,15847
20240836446,16041
20241180398,16014
20243981334,11149
20245335282,15760
20246818922,15563
20248026998,11258
20250314521,16260
20250818270,15880
20251541243,11220
20253816892,15761
20254818682,16016
20255043571,11227
20255800641,16119
20258326393,15790
20259099379,16001
20259969142,11075
20262819632,15788
20263842424,16062
20264034793,11161
20264978622,15748
20265460849,15779
20266819578,15701
20270442739,16041
20270820062,16098
20271950206,15911
20274819437,15754
20278818742,15981
20280046854,15800
20282820192,15813
20285586701,15991
20286820037,16210
20287976688,11163
20290571135,16205
20290828749,15999
20294820679,15978
20296250939,15806
20298818686,15806
20310698606,16257
20310952238,15873
20311078217,11195
20311156756,16060
20322805275,32113
20325836001,15793
20326644289,16139
20330818029,15991
20331080729,16099
20331169947,11228
20336815370,15781
20337962288,15732
20338568237,15935
20344826838,15795
20345964630,15805
20349082373,15905
20349106925,16145
20350819950,16018
20351210254,15855
20352274528,15760
20355626160,15972
20355874334,15902
20358818604,16089
20358857004,15781
20362819961,15932
20366093266,15805
20366818885,15983
20370819700,15885
20372014820,11242
20374819710,16125
20376669380,16022
20377213340,15745
20378820061,15950
20382820328,15990
20386821743,15731
20388041940,11099
20390298813,15790
20390818257,15611
20392465420,11105
20394568762,16161
20394821195,16025
20395982446,11243
20398820277,16125
20402819208,16014
20406820126,15804
20410820470,15710
20411197080,16159
20412014120,11174
20414818364,16057
20414849998,15799
20415984754,11205
20417298525,15755
20417580367,15855
20418157352,11244
20418819343,15969
20422819289,16088
20425916400,15664
20426201531,15849
20430820364,16003
20434819872,15608
20435980821,11142
20437049845,15999
20441979575,16153
20443134019,16128
20444703951,15733
20446526265,15968
20446818176,16106
20447756418,11090
20449722653,15766
20450819493,15458
20454818870,16143
20455973692,11003
20457178450,15738
20461883639,15965
20465675974,15987
20466818664,16194
20467028166,11016
20467092890,15901
20470818523,15600
20471927888,15841
20472016943,11218
20485218570,15944
20486823190,15771
20490819471,15864
20491956322,15961
20492957347,11212
20494822601,15937
20494847311,15881
20496037089,11143
20496576571,15733
20502819695,15661
20506814761,15784
20510613869,15744
20510820649,15635
20512165115,11199
20514820014,15643
20517556976,15982
20518821008,15606
20520004856,11234
20520708948,15837
20520893008,15999
20522967571,15998
20526820675,15719
20527024130,15915
20528000838,11084
20530837334,16255
20531062798,16048
20532269955,16060
20532302158,11102
20534819825,16035
20538212346,16020
20546015782,15796
20546252284,16031
20546805274,18834
20547151459,16083
20551192426,15946
20554833883,15942
20558818595,15775
20562820449,16005
20566819592,15732
20571797644,16159
20572525802,16112
20578805278,39573
20578884129,16092
20579171256,11150
20580522616,15946
20581471908,15940
20581781171,15883
20584012674,11139
20586820694,15930
20588016189,11258
20590818723,15987
20591409444,15867
20592016608,11228
20594820441,15958
20598819181,16260
20602527207,15858
20602819535,15688
20603718800,11006
20603770491,16080
20606819800,16117
20607482756,16112
20610820209,15960
20612786921,15804
20614820134,15796
20618819776,16154
20622894616,15980
20626834685,16007
20627612440,15878
20628019223,11144
20630819524,16016
20631826729,16001
20634819253,15966
20635856521,16038
20636014501,11140
20638337355,15856
20638819731,15974
20642819150,15997
20645186493,16080
20646819514,15936
20647739928,15812
20649807933,15861
20650026509,16245
20651216128,11230
20652463997,15996
20654253276,16146
20654885077,15985
20662475736,15654
20668493242,15959
20670819151,15778
20672606800,15870
20673168896,15747
20674805253,15735
20674990376,15773
20679227347,15986
20687996531,15754
20692735623,16018
20693298423,15745
20695323445,16136
20698720882,15989
20706480245,16146
20706639825,15442
20710818315,15921
20712864677,16159
20712889388,11211
20713426245,15745
20714818952,15927
20718817884,15728
20719863475,15891
20720023103,16152
20722819409,15719
20726819596,16017
20732997290,16033
20733555295,15740
20738805263,19606
20738857052,15642
20748370339,15762
20753125808,16234
20753684195,15805
20754489996,15737
20758841602,15774
20766819690,16108
20770819518,15894
20771942931,15770
20772424672,16200
20776349718,16206
20778389933,15660
20778616110,15778
20786818800,16207
20790818403,15978
20793381219,16033
20793940980,15814
20797744342,15972
20798839245,15915
20799370838,11235
20802805274,18219
20802835851,16100
20802961686,16161
20806822075,15346
20806982174,15806
20808661518,16013
20813509676,16037
20814818779,15692
20818529763,15717
20827556933,15775
20828785978,15948
20829287393,15798
20832805389,15791
20833640527,16230
20834195033,15749
20838471311,15728
20838819100,15492
20840696237,11193
20845711010,15984
20846818475,15861
20852992797,15862
20854324087,15974
20854884746,16076
20854995744,11246
20862818369,15742
20866805279,18188
20868165831,15787
20869035668,15991
20873896753,15845
20874451988,16004
20878818356,16005
20879720409,15994
20891118001,15873
20894024755,16185
20894821019,16079
20896829276,15772
20898437209,15696
20898927112,16162
20899757179,11163
20899850091,15848
20900013223,11238
20900607190,15737
20902818187,15784
20907077484,15898
20907298181,16048
20909288845,16007
20910818563,16233
20911853288,15940
20913947949,16234
20919979893,15950
20922820230,16004
20926393744,15969
20927873457,15752
20933439647,15744
20934279306,16026
20934789855,17400
20940109213,15995
20943841360,15868
20943931520,15777
20953567727,15737
20954408014,15835
20956813246,15888
20958592563,15810
20962287534,15713
20962837052,15983
20963608031,11113
20966143776,15703
20967106988,16114
20967831655,16069
20974535146,16058
20978879457,15985
20982818871,15973
20986818299,16240
20990819876,16011
20994664264,15984
20994894988,16049
20995988520,11007
20996049514,15850
20996087480,11156
20998818479,16214
21002818899,16195
21007979770,15749
21014601137,15778
21023434838,15821
21029995413,16006
21032658009,15940
21034825070,16134
21035373955,16064
21035965402,11222
21038818525,15692
21038922098,15756
21040005720,11245
21040743302,15973
21046472078,16007
21050819023,15792
21052739341,15933
21054202519,15961
21054819569,15882
21058819640,15736
21061644846,15765
21062818694,15957
21067397595,15798
21068706408,15926
21073001065,15729
21073086171,11137
21073148822,16153
21075809362,15818
21077951794,16030
21078835598,15690
21079967346,11012
21082819333,15541
21086819278,15853
21090402161,15704
21094401324,15982
21094831964,15492
21095665470,16340
21096108874,11241
21096316916,16111
21096458285,11230
21097534632,15988
21098820012,15868
21102818953,16206
21107936792,15742
21109104157,15794
21110513329,16005
21110819710,15951
21111464084,11089
21114820497,15883
21118819048,15817
21119255194,15992
21120443155,15855
21121199781,15990
21122819834,16073
21124179968,15360
21125375009,15520
21126817929,15770
21127054478,11136
21128100021,15954
21130639685,16048
21131707435,16119
21133010187,11257
21134655606,16041
21135878255,15901
21136647298,16008
21138805281,37043
21141326878,16065
21146818235,16059
21150818486,16220
21154818835,15797
21154843389,15578
21156082960,11225
21158818251,15819
21164052439,15697
21164288620,15994
21165266868,11232
21175185114,16270
21175592553,15874
21178878938,15788
21186820216,16068
21190819209,15863
21191796752,15845
21195061677,15974
21201665259,15750
21209409707,15746
21215813728,16037
21218818934,15999
21222083133,15673
21228063812,15908
21228280459,15791
21230818962,15988
21232083136,15999
21234819126,15660
21235941253,15962
21238818521,15792
21239236895,16326
21241289572,16024
21243970067,11186
21246819172,15698
21250267070,15786
21250458349,15939
21254024367,15915
21254819491,15858
21256068932,16259
21258819388,15742
21262819384,15750
21266818446,15843
21270819655,16126
21274257338,15843
21274819947,16068
21275413867,11215
21276198101,16215
21276676721,16006
21282384746,15775
21286805230,14613
21286829545,15513
21292717439,16040
21292949660,15875
21294819507,15801
21295545798,16118
21296325750,15850
21296805580,15928
21310119607,15986
21310408527,15906
21311427773,16117
21314805290,40603
21314890081,15992
21316008751,11242
21316451221,16039
21316932102,15739
21319353992,15882
21322820249,15732
21327490151,15960
21328479183,15767
21331748737,15749
21335757545,15939
21336580740,16035
21337015832,15983
21338090365,15977
21338697014,15812
21347163296,15741
21348897536,15684
21349115348,15988
21351982697,11167
21354819194,15626
21358819733,16115
21362822320,16173
21366822278,16065
21369300887,15939
21369564392,16032
21370523738,11174
21370821622,15927
21371990250,11146
21376790885,16022
21377233427,15900
21378819584,15936
21378882825,15838
21382819394,15754
21386081453,15968
21386199425,15649
21390820378,16066
21394820325,15777
21395713664,16074
21396016454,11106
21396384131,15989
21397094475,16211
21397290926,11175
21397362288,16073
21398819019,15959
21402829627,15864
21411908363,15935
21416179403,16016
21422949244,15755
21425602699,15766
21425933647,15759
21428661480,15973
21430820109,15874
21432511058,15869
21432535674,15970
21438820189,15651
21440010967,11251
21442819462,15621
21443077502,16051
21444009697,11311
21444293575,15975
21446819167,15857
21455969476,15963
21457255121,15998
21457697082,15939
21458819517,16003
21463207078,15768
21467222705,16004
21470874682,15867
21477385843,15833
21477826360,15799
21477938674,11166
21484334343,15655
21484559811,16011
21486508086,11102
21486821288,15778
21487099536,16048
21487164616,11147
21487682254,15888
21488028588,11149
21490820670,15997
21492820607,15743
21494820858,15723
21495086913,15985
21497306806,16206
21498818721,15952
21502818213,15733
21506805276,35544
21509015921,15808
21510276581,16182
21510599856,15978
21510819901,15606
21517592680,16089
21518079640,15783
21518846863,15962
21519649779,15839
21520041400,11040
21522819390,15942
21526818366,15760
21530833562,16039
21534822916,15801
21537720221,15897
21538210024,15963
21538805271,30639
21542449112,16003
21542819666,15479
21545575166,15726
21547439423,16182
21550819693,15967
21554820328,15977
21556362596,15837
21557847942,16091
21558819447,15825
21562835343,15972
21570805288,15158
21571998414,16063
21573006914,15773
21573723450,15964
21577441057,16021
21578465860,15959
21578835482,15850
21582435595,15986
21582818570,15768
21585406922,11189
21586821334,16206
21589915464,15784
21590820297,15962
21591998472,11204
21593136062,15741
21594462176,15964
21594818567,15779
21596025979,11198
21597175858,15958
21598049652,15920
21598592804,16131
21599970322,11195
21602819090,16056
21606118944,15983
21606819854,15561
21610819710,15727
21613098518,16007
21614818934,15823
21617303748,15989
21618176887,16035
21618719372,15782
21618819896,15990
21622819478,15996
21622896739,15815
21624015148,11155
21624096364,16285
21626569055,16079
21630818524,15766
21633352676,15990
21634819366,16122
21638236230,16056
21638818262,16028
21642819652,16010
21654650341,15948
21657387944,15942
21658887046,15982
21664333678,15733
21670843760,15540
21674817932,15899
21675815633,15758
21678558036,15988
21687041829,15980
21694819492,15960
21696711865,15978
21698608334,15914
21698805256,13862
21700032173,11166
21702822118,15667
21706818595,15980
21706938143,16022
21714818331,15697
21718814627,15687
21719383582,15804
21722818539,15967
21724773556,16061
21726821060,16086
21730777917,15788
21731046455,15974
21731917517,11090
21735578145,15933
21738018919,15806
21751772147,15921
21754157079,15971
21759073843,15855
21762805267,20994
21767965577,15923
21769791027,15978
21778275717,15799
21785104061,15968
21786820663,16215
21790824955,15860
21794820154,16014
21798405203,15993
21799005164,16079
21807102192,15780
21816543856,15748
21818619704,16005
21819357310,16104
21821170055,15998
21821429386,16001
21822894061,15990
21831130685,15991
21833616304,15938
21834560769,15784
21838025781,15745
21838274946,15978
21846819236,16024
21848937682,16169
21857606029,15800
21865133058,15910
21866819127,15783
21869625334,16224
21870232178,16127
21871376298,11153
21874832059,15805
21879696498,16051
21881336497,15759
21886822608,15967
21894942857,16002
21896998420,15777
21897531363,15763
21898817737,15793
21898872457,11196
21903701429,15943
21904062008,16143
21910818709,15683
21914819061,15775
21915072308,16025
21916014406,11220
21918818281,15459
21919881733,15776
21920290672,11082
21922820291,15650
21926819801,15883
21929559159,16012
21930819013,15436
21934819637,15477
21938819898,15634
21939192885,16267
21940013447,11071
21942818468,15467
21944063285,16169
21946119379,15812
21946805294,29422
21950819525,15767
21954818790,15470
21955326722,16040
21956533195,11129
21957121856,15795
21958818375,15401
21962313124,16064
21962820613,15496
21966818980,15612
21967968168,15960
21970819860,15446
21975456131,16022
21978288429,15831
21978837467,16081
21979980207,11072
21980267083,16241
21982819373,15709
21986818726,15614
21990818169,15706
21994698494,15787
21994818616,15566
21996005796,11154
21998447092,15877
21999483054,16103
21999808211,15904
22006373699,15918
22009921886,15768
22010820085,15811
22011434667,15843
22014820368,15906
22015133882,15845
22016463646,11178
22018819979,15966
22020480343,15992
22022819850,16098
22023308374,11192
22026116339,15932
22026483967,15978
22026894089,15876
22027712894,11211
22030819988,16039
22033532516,15755
22034820366,15741
22038818440,15748
22040047616,15796
22042818570,15859
22043626883,11196
22046818134,15663
22052877967,15899
22057360235,15649
22060009163,15778
22060798197,16208
22060976374,11312
22063532837,15782
22063750905,15837
22064741479,11103
22065507561,15971
22068867005,15960
22068901999,16016
22072011515,11115
22073063988,15921
22074607042,11140
22078436833,15761
22078818690,15481
22082269281,15968
22086836857,15738
22088912835,15779
22095428780,15771
22098704329,15937
22100821915,16012
22106991449,15756
22109810289,16044
22110916616,16113
22110941276,11239
22114820243,16157
22114901056,15638
22118818350,15972
22120942612,16022
22121185212,16170
22122819149,15805
22123184318,16010
22124393861,15660
22126820323,16196
22130805306,13295
22130820215,16000
22131964738,11060
22132019697,11003
22133208962,15782
22133399864,16238
22134430556,11161
22136266205,15804
22137998924,15974
22139378007,15743
22141313843,16143
22141405353,11016
22144247806,15983
22146805286,23481
22146837239,15612
22147215958,15897
22153169921,15973
22155573844,15969
22156394917,15799
22157597656,15747
22161142721,15998
22170950125,15982
22174883425,15926
22178818695,15419
22181271093,15812
22182821396,15433
22186821221,15599
22187958929,15921
22190819592,15804
22191140064,15885
22194820473,15635
22197151447,15974
22201400628,16025
22204151892,15822
22221531387,15971
22234821045,15856
22236836344,16035
22239076102,16220
22240180548,15971
22240336106,16115
22241959108,15940
22242805223,25413
22244161061,11250
22246821376,16262
22248018886,11001
22249682742,15963
22250383620,15622
22250820471,15743
22252727231,15939
22252943608,16004
22254287515,15748
22254819851,16176
22257840793,15813
22258820383,16052
22261736457,15977
22262084669,15948
22262829607,16293
22262966286,11225
22266819253,16323
22268936224,15940
22270820247,16049
22270884480,15512
22272017723,11223
22274818525,15897
22278290808,15985
22278818597,16015
22279982151,11200
22281639081,15794
22282819349,16071
22286805234,11598
22286837312,15831
22301992983,16005
22311801191,15762
22312992595,15809
22314836335,15510
22317464334,15934
22319534978,15900
22319679414,15979
22320928003,11212
22321198642,15781
22322120129,15756
22322458388,15948
22327552181,15801
22331348417,16118
22337437027,15883
22342257686,15805
22342587822,15804
22347398914,15984
22348251386,15780
22349249890,15957
22349735401,15993
22349850530,15777
22351137467,11120
22355812094,15887
22356051680,16071
22362386922,15773
22362818545,15971
22363944021,11144
22366820813,15712
22370279364,15797
22370531996,16006
22370805275,21156
22374818533,15647
22378820799,15548
22379211756,16100
22381573979,15763
22382819475,15801
22386822062,15835
22388502050,15732
22390820502,16278
22392014749,11237
22394820424,16206
22395596165,16295
22396024693,11236
22398340582,15787
22400366944,15726
22402643094,15999
22406172795,15917
22407067484,16047
22408732795,11132
22409119379,15817
22409326877,16018
22411930732,11005
22414820240,15856
22418820080,15408
22422772623,15988
22422818600,15511
22424006732,11164
22426819384,15721
22427994292,15928
22428143624,16070
22430735401,16016
22430820320,15627
22432732538,16224
22434805287,39962
22438819283,15647
22440006658,11024
22442683057,16084
22444659532,15955
22446820623,16041
22448018129,11095
22456652082,15889
22458266100,15891
22462992351,15994
22466818290,16133
22472652556,15818
22474818917,15996
22479283500,15799
22483121357,15798
22483404526,16012
22485458990,15769
22485746210,15791
22486679962,11029
22487788279,15883
22490833562,16109
22495110697,15812
22496654236,15900
22498820071,16154
22502819734,15684
22506253097,15944
22506818212,15888
22508652829,15962
22510266535,15980
22510731753,15932
22510819214,15986
22511504030,11002
22514818509,15950
22518820645,15745
22522819921,16060
22523375801,15836
22526818526,15794
22527956900,16029
22528013946,11069
22530820564,16258
22532017676,11068
22538818861,15779
22542819675,15930
22544316150,15885
22545169298,11230
22558732662,15952
22562820271,15753
22563757768,15845
22563876327,11219
22571736647,15955
22576184488,15971
22576718128,16237
22577710059,11171
22578862050,15903
22582777513,15989
22582870242,16002
22585059136,11133
22586821111,15892
22590820164,15952
22594819009,16235
22598819763,16049
22598991800,16080
22602821113,15918
22604377608,11006
22606820761,15850
22609646045,15966
22610821665,15913
22614820739,16123
22618820214,16001
22622818531,15860
22624059721,16223
22626805279,11381
22626819921,15744
22630778818,15961
22634649372,15984
22638821293,16144
22640918558,15923
22642820260,15904
22647299592,16034
22650819659,15953
22651769306,15749
22657095099,15806
22658818678,15372
22659370978,16110
22660061080,11200
22662370800,16003
22662624327,16184
22663669385,11176
22666818910,15748
22670032112,15737
22670403964,15965
22673287535,15984
22679498425,16008
22683253531,15968
22684296720,15761
22690160845,15805
22690804405,29192
22690834807,15753
22698818469,15729
22702820035,15412
22704566736,16099
22704605879,11194
22705053146,16344
22706210292,11197
22706819291,15876
22707645730,16045
22710819268,15746
22710908299,15876
22711475822,11208
22719705738,16003
22720461154,15977
22720675249,15998
22721954502,11107
22722818664,16044
22724015161,11224
22724551502,15775
22724702019,15778
22726818456,16014
22730819787,15808
22736654603,15882
22738835883,15998
22740653410,15956
22741606360,15970
22742817986,15927
22744679193,15995
22744838881,15968
22746818753,15936
22750819171,15946
22754418676,15972
22754805288,13604
22759010405,16161
22763721945,15956
22770598501,15961
22779488338,16009
22782880582,15923
22784929570,16004
22785094633,15970
22785638052,15844
22790819044,15951
22794819601,16037
22798818414,16096
22802819410,15832
22803977664,15983
22805058861,16000
22805228199,15775
22807156535,15988
22807572939,16009
22808775965,11242
22818803780,20040
22818847055,15948
22821449727,11011
22825188615,16003
22825362235,15743
22829184569,15947
22830818600,15435
22832513906,15602
22832738665,15776
22834711807,16171
22838188155,16258
22838350314,15942
22840996267,15976
22842819078,15415
22844706150,16140
22850482015,16070
22858887912,16163
22860463613,15944
22865444106,15778
22865618838,15930
22866818043,16051
22866848198,11224
22885573043,15796
22885746611,16001
22886799920,13944
22886836374,15926
22894819201,15787
22902489248,15782
22902738581,16065
22903787534,11176
22905701245,15757
22905875279,15978
22907496110,16178
22910820986,16098
22914835213,15906
22915335705,15874
22916021551,11008
22918819054,16111
22923525350,15807
22924741041,15790
22925829643,16003
22926003220,15946
22926818990,16172
22928126766,15732
22930819611,15803
22931371986,16101
22934818270,15943
22938821103,16075
22940078454,16016
22940968727,16007
22942820261,16122
22944153615,15687
22944870433,16088
22945713514,16035
22946799441,13619
22946830932,15963
22950818160,15905
22955582963,16189
22955784357,15758
22956807996,11093
22957626177,16039
22962349395,15816
22962571401,15797
22964076083,11250
22966041082,15819
22966206198,15805
22970820566,16003
22972897512,16046
22974818991,15744
22979850107,15789
22982886491,15916
22986167369,15762
22986332703,16243
22990819693,15843
23005649326,16067
23007755580,15863
23010820986,15502
23012232600,15966
23014253041,15750
23018822131,15410
23022890086,15728
23025321840,15884
23026422213,16042
23026556056,11121
23026589636,15805
23027758162,11128
23028425141,15740
23030818289,16166
23035152968,15816
23038819165,15924
23041302505,15892
23042821248,16182
23044031030,11001
23044933207,15995
23045979886,15904
23046819687,15978
23050819253,15931
23052043147,16045
23052922730,15907
23059664194,15950
23061357785,15817
23065638214,15949
23066822793,16107
23068946933,15692
23069130507,15833
23076442223,15779
23077667254,11237
23078820530,15673
23085656454,15974
23087395400,16205
23089924293,15857
23090819612,16073
23091977183,11223
23093110733,15968
23094820468,16116
23098821130,16097
23098975387,16135
23100017753,11073
23102820434,16082
23103376217,11187
23106820158,16200
23108080248,11236
23110820421,16335
23112016909,11104
23114818609,16226
23114843482,15966
23117592679,15837
23118819202,15868
23122818245,16021
23124616287,15583
23125507167,15812
23127541988,11031
23130817839,16507
23134817979,15822
23135853382,15769
23138819146,15597
23138861804,15490
23141698826,15932
23142818703,15633
23143011656,11239
23143678710,16089
23144558404,11089
23146819888,15630
23148010813,11167
23150820067,15536
23154805397,23740
23158090958,15945
23161315548,15688
23162214756,15907
23163440781,11233
23166364876,15966
23167236866,16123
23170805291,22475
23173497251,16029
23176317683,15698
23179954450,16072
23182818743,16077
23186818337,15829
23187365569,15894
23190817937,15985
23191722704,15772
23192612365,11145
23193351726,16191
23202819251,16042
23206370884,15767
23207442769,15775
23207507145,15807
23207601465,11104
23208255442,16286
23208723002,11106
23222545088,15741
23227623743,15982
23230819214,15786
23238818357,16004
23241596983,15705
23241927740,16132
23244236942,11250
23245887619,15996
23246819772,15761
23248009885,11189
23250457225,15993
23250818283,15478
23251979196,11169
23253361013,16005
23254818753,15745
23255715492,11232
23258818344,15601
23262819093,15636
23266820090,15764
23270820508,15520
23270885466,16208
23272009935,11168
23273799312,16026
23274818977,15549
23278819263,15808
23282818213,15507
23283834089,15944
23286805282,12146
23286819348,15967
23288052348,11182
23290818217,15596
23298913370,16165
23302992419,16011
23306819404,15961
23307991862,15895
23308091439,16059
23308251782,11194
23308517057,15843
23308686680,11246
23309137588,16298
23309218487,11031
23309639279,16044
23309739353,11162
23309770955,15804
23310818184,16069
23310842820,11164
23319409855,15973
23327149480,15981
23328221045,16066
23330818100,16165
23335603729,16009
23337552300,15518
23337581966,16273
23342821114,15753
23346821587,15774
23350820822,16193
23354819213,15955
23356761883,16042
23357049405,16081
23359705094,11207
23360342372,15770
23362818521,16097
23366818486,16137
23368158281,15986
23370820594,15957
23374082206,15884
23374818827,16128
23375111782,11192
23378818186,15958
23382820585,16042
23383436603,15899
23384136891,16217
23386819735,16014
23388443999,15750
23390818740,15973
23394818905,16230
23395237995,11222
23398818303,15709
23402820141,15951
23406819616,15744
23407418373,16011
23410819680,15581
23411658145,16026
23412647102,11127
23423641667,15982
23427827320,15733
23428017607,15807
23432712027,16216
23432933357,15837
23433226494,11133
23438819924,15816
23441747242,15798
23442818218,15685
23443060803,11236
23447730112,15767
23448786783,15983
23450818023,15772
23465049896,15771
23467255381,15792
23468916289,16001
23474508430,15695
23484932599,15666
23485101051,15991
23486821305,15819
23489130942,15871
23490821338,15935
23494820517,16139
23497440836,15982
23498820263,15901
23502820183,16157
23506820105,15966
23508922672,16137
23509256821,15912
23509287338,11200
23510396076,15736
23510820074,15791
23514759246,15973
23518819644,15728
23522805257,49594
23526818659,16159
23529242860,16007
23530819810,15813
23530899119,16045
23534819701,15574
23536144894,15812
23538819229,15414
23541191994,15882
23541415416,16035
23542403154,11239
23542819453,15947
23545476044,15933
23545567912,15889
23549367443,15963
23550821623,16104
23554988929,15959
23558772403,15571
23558825443,15361
23569493900,15989
23572393538,16079
23574760629,15711
23580833387,15669
23582819783,16040
23583557381,16011
23586507132,11144
23586818802,15524
23589621231,15768
23590820101,16232
23590992102,11016
23594819544,15588
23598654691,15723
23598818804,15611
